"","EMT_ID","ERE88","DATE","Value","theta","rollavg"
"1","SF-YK",101.689,2005-01-15,100.203870967742,1.48512903225806,1.44976318484382
"2","SF-YK",101.689,2005-02-15,99.9821428571429,1.70685714285713,1.47551587301587
"3","SF-YK",101.689,2005-03-15,100.194193548387,1.4948064516129,1.48881944444444
"4","SF-YK",101.689,2005-04-15,99.9536666666667,1.73533333333333,1.56153449820788
"5","SF-YK",101.689,2005-05-15,99.6038709677419,2.08512903225805,1.66334005376343
"6","SF-YK",101.689,2005-06-15,100.469333333333,1.21966666666665,1.78342069892472
"7","SF-YK",101.689,2005-07-15,100.779032258065,0.909967741935475,1.93075403225806
"8","SF-YK",101.689,2005-08-15,100.491935483871,1.19706451612903,2.03387231182795
"9","SF-YK",101.689,2005-09-15,100.412333333333,1.27666666666666,2.14384543010752
"10","SF-YK",101.689,2005-10-15,100.340967741935,1.34803225806451,2.20865098566307
"11","SF-YK",101.689,2005-11-15,100.254333333333,1.43466666666666,2.3209090501792
"12","SF-YK",101.689,2005-12-15,100.185161290323,1.50383870967741,2.44860349462365
"13","SF-YK",101.689,2006-01-15,99.8948387096774,1.79416129032258,2.55330779569892
"14","SF-YK",101.689,2006-02-15,99.8225,1.86649999999999,2.61371102150537
"15","SF-YK",101.689,2006-03-15,99.3216129032258,2.36738709677418,2.68008006912442
"16","SF-YK",101.689,2006-04-15,98.732,2.95699999999999,2.74822523041474
"17","SF-YK",101.689,2006-05-15,98.1629032258064,3.52609677419355,2.8047807859703
"18","SF-YK",101.689,2006-06-15,98.7013333333333,2.98766666666666,2.87351734511008
"19","SF-YK",101.689,2006-07-15,99.5416129032258,2.14738709677418,2.98696178955453
"20","SF-YK",101.689,2006-08-15,99.1722580645161,2.51674193548386,3.0994349078341
"21","SF-YK",101.689,2006-09-15,99.6346666666667,2.05433333333333,3.14037576804915
"22","SF-YK",101.689,2006-10-15,98.9938709677419,2.69512903225805,3.14204243471582
"23","SF-YK",101.689,2006-11-15,98.722,2.967,3.09760695084485
"24","SF-YK",101.689,2006-12-15,98.9287096774193,2.76029032258064,3.06357917306707
"25","SF-YK",101.689,2007-01-15,99.17,2.51899999999999,3.08865981822836
"26","SF-YK",101.689,2007-02-15,99.0260714285714,2.66292857142857,3.11497702252943
"27","SF-YK",101.689,2007-03-15,98.5038709677419,3.18512903225806,3.11841400939315
"28","SF-YK",101.689,2007-04-15,98.0533333333333,3.63566666666667,3.06483874057594
"29","SF-YK",101.689,2007-05-15,97.338064516129,4.35093548387096,2.97411651835372
"30","SF-YK",101.689,2007-06-15,97.34,4.34899999999999,2.90062189469781
"31","SF-YK",101.689,2007-07-15,98.191935483871,3.49706451612903,2.82153856136447
"32","SF-YK",101.689,2007-08-15,98.6809677419355,3.0080322580645,2.76780200222469
"33","SF-YK",101.689,2007-09-15,99.6146666666667,2.07433333333333,2.69812458286985
"34","SF-YK",101.689,2007-10-15,99.5270967741936,2.16190322580644,2.65265236064763
"35","SF-YK",101.689,2007-11-15,99.1303333333333,2.55866666666665,2.63042117785193
"36","SF-YK",101.689,2007-12-15,98.6277419354839,3.06125806451612,2.61081006674082
"37","SF-YK",101.689,2008-01-15,98.8541935483871,2.83480645161289,2.56658963663329
"38","SF-YK",101.689,2008-02-15,98.9848275862069,2.7041724137931,2.56892834631071
"39","SF-YK",101.689,2008-03-15,99.1467741935484,2.54222580645161,2.57081874039938
"40","SF-YK",101.689,2008-04-15,99.142,2.547,2.63874884792626
"41","SF-YK",101.689,2008-05-15,98.22,3.46899999999999,2.74313773681515
"42","SF-YK",101.689,2008-06-15,98.289,3.39999999999999,2.720503328213
"43","SF-YK",101.689,2008-07-15,98.8367741935484,2.8522258064516,2.54828110599078
"44","SF-YK",101.689,2008-08-15,99.5170967741935,2.17190322580645,2.4116950844854
"45","SF-YK",101.689,2008-09-15,100.160333333333,1.52866666666667,2.31505529953917
"46","SF-YK",101.689,2008-10-15,99.7938709677419,1.89512903225805,2.2931386328725
"47","SF-YK",101.689,2008-11-15,99.3656666666667,2.32333333333332,2.28528917050691
"48","SF-YK",101.689,2008-12-15,99.1583870967742,2.5306129032258,2.28120583717357
"49","SF-YK",101.689,2009-01-15,98.8261290322581,2.86287096774193,2.23136712749616
"50","SF-YK",101.689,2009-02-15,98.9621428571429,2.72685714285714,2.14335637480798
"51","SF-YK",101.689,2009-03-15,98.3316129032258,3.35738709677419,2.04296947004608
"52","SF-YK",101.689,2009-04-15,97.8893333333333,3.79966666666665,1.87124903993855
"53","SF-YK",101.689,2009-05-15,98.4916129032258,3.19738709677419,1.65559824628776
"54","SF-YK",101.689,2009-06-15,100.355666666667,1.33333333333333,NA
"55","SF-YK",101.689,2009-07-15,100.475806451613,1.2131935483871,NA
"56","SF-YK",101.689,2009-08-15,100.676774193548,1.01222580645161,NA
"57","SF-YK",101.689,2009-09-15,100.423333333333,1.26566666666666,NA
"58","SF-YK",101.689,2009-10-15,99.888064516129,1.80093548387096,NA
"59","SF-YK",101.689,2009-11-15,99.4146666666667,2.27433333333333,NA
"60","SF-YK",101.689,2009-12-15,99.7564516129032,1.93254838709677,NA
"61","SF-YK",101.689,2010-01-15,99.8822580645161,1.80674193548387,NA
"62","SF-YK",101.689,2010-02-15,100.166785714286,1.52221428571428,NA
"63","SF-YK",101.689,2010-03-15,100.392258064516,1.29674193548387,NA
"64","SF-YK",101.689,2010-04-15,100.477142857143,1.21185714285714,NA
"65","SF-YK",101.689,2010-05-15,NA,NA,NA
"66","SF-YK",101.689,2010-06-15,NA,NA,NA
"67","SF-YK",101.689,2010-07-15,99.9653333333333,1.72366666666666,2.62041711469533
"68","SF-YK",101.689,2010-08-15,99.7351612903226,1.95383870967741,2.68567338709677
"69","SF-YK",101.689,2010-09-15,99.8726666666667,1.81633333333332,2.73094220430107
"70","SF-YK",101.689,2010-10-15,99.3251612903226,2.36383870967741,2.7537755376344
"71","SF-YK",101.689,2010-11-15,98.9646666666667,2.72433333333333,2.71528091397849
"72","SF-YK",101.689,2010-12-15,98.7216666666667,2.96733333333333,2.67250313620071
"73","SF-YK",101.689,2011-01-15,98.73,2.95899999999999,2.64664740143368
"74","SF-YK",101.689,2011-02-15,99.0325,2.65649999999999,2.6604108422939
"75","SF-YK",101.689,2011-03-15,98.8522580645161,2.83674193548386,2.72386630206402
"76","SF-YK",101.689,2011-04-15,99.4246666666667,2.26433333333333,2.78474891855147
"77","SF-YK",101.689,2011-05-15,98.4125806451613,3.27641935483871,2.96486002966258
"78","SF-YK",101.689,2011-06-15,97.7863333333333,3.90266666666666,3.06421486837226
"79","SF-YK",101.689,2011-07-15,99.1822580645161,2.50674193548386,2.95696486837226
"80","SF-YK",101.689,2011-08-15,99.191935483871,2.49706451612903,2.91422293288839
"81","SF-YK",101.689,2011-09-15,99.5986666666667,2.09033333333332,2.85115841675935
"82","SF-YK",101.689,2011-10-15,99.7870967741935,1.90190322580645,2.79851952787047
"83","SF-YK",101.689,2011-11-15,99.478,2.211,2.7615840439995
"84","SF-YK",101.689,2011-12-15,99.031935483871,2.65706451612903,2.75402848844394
"85","SF-YK",101.689,2012-01-15,98.5648387096774,3.12416129032258,2.73660913360523
"86","SF-YK",101.689,2012-02-15,98.2710344827586,3.41796551724137,2.69453924113211
"87","SF-YK",101.689,2012-03-15,98.1216666666667,3.56733333333332,2.65632187660009
"88","SF-YK",101.689,2012-04-15,97.2633333333333,4.42566666666666,2.63409517409113
"89","SF-YK",101.689,2012-05-15,97.2203225806452,4.46867741935483,2.5477618407578
"90","SF-YK",101.689,2012-06-15,99.0733333333333,2.61566666666666,2.40770807731694
"91","SF-YK",101.689,2012-07-15,99.6951612903226,1.99383870967741,2.34954141065027
"92","SF-YK",101.689,2012-08-15,99.9487096774194,1.74029032258063,2.29010309712452
"93","SF-YK",101.689,2012-09-15,100.230333333333,1.45866666666666,2.22967298959764
"94","SF-YK",101.689,2012-10-15,100.230322580645,1.45867741935483,2.19620076737542
"95","SF-YK",101.689,2012-11-15,99.5686666666667,2.12033333333332,2.19633517597757
"96","SF-YK",101.689,2012-12-15,99.2409677419355,2.44803225806452,2.18314073153313
"97","SF-YK",101.689,2013-01-15,99.0696774193548,2.61932258064516,2.17381277454388
"98","SF-YK",101.689,2013-02-15,98.7296428571429,2.95935714285713,2.15795255949011
"99","SF-YK",101.689,2013-03-15,98.3883870967742,3.3006129032258,2.09938113091868
"100","SF-YK",101.689,2013-04-15,98.2993333333333,3.38966666666666,2.01642414167137
"101","SF-YK",101.689,2013-05-15,98.9009677419355,2.7880322580645,1.92595191944915
"102","SF-YK",101.689,2013-06-15,99.7713333333333,1.91766666666666,1.88829062912657
"103","SF-YK",101.689,2013-07-15,100.408421052632,1.28057894736841,1.96040174023768
"104","SF-YK",101.689,2013-08-15,100.673870967742,1.01512903225806,2.05185618279569
"105","SF-YK",101.689,2013-09-15,100.632,1.05699999999999,2.13940994623655
"106","SF-YK",101.689,2013-10-15,100.228709677419,1.46029032258063,2.19935439068099
"107","SF-YK",101.689,2013-11-15,99.727,1.96199999999999,2.1998920250896
"108","SF-YK",101.689,2013-12-15,99.3529032258065,2.33609677419354,2.18303091397848
"109","SF-YK",101.689,2014-01-15,99.26,2.42899999999999,2.09050403225805
"110","SF-YK",101.689,2014-02-15,99.4325,2.25649999999999,1.99579973118279
"111","SF-YK",101.689,2014-03-15,99.3838709677419,2.30512903225805,1.91184139784945
"112","SF-YK",101.689,2014-04-15,99.385,2.30399999999999,1.84404569892472
"113","SF-YK",101.689,2014-05-15,99.3529032258065,2.33609677419354,1.79374014336917
"114","SF-YK",101.689,2014-06-15,98.906,2.78299999999999,1.77863261648745
"115","SF-YK",101.689,2014-07-15,99.3109677419355,2.37803225806451,1.75427150537634
"116","SF-YK",101.689,2014-08-15,99.6232258064516,2.06577419354838,1.7215564516129
"117","SF-YK",101.689,2014-09-15,99.9126666666667,1.77633333333333,1.67661021505376
"118","SF-YK",101.689,2014-10-15,100.222258064516,1.46674193548387,1.62474910394265
"119","SF-YK",101.689,2014-11-15,99.9293333333333,1.75966666666666,1.62493727598566
"120","SF-YK",101.689,2014-12-15,100.463225806452,1.22577419354838,1.63779838709677
"121","SF-YK",101.689,2015-01-15,100.396451612903,1.29254838709677,1.71642741935483
"122","SF-YK",101.689,2015-02-15,100.44,1.249,1.77352419354838
"123","SF-YK",101.689,2015-03-15,100.197419354839,1.49158064516128,1.80987476826102
"124","SF-YK",101.689,2015-04-15,99.9886666666667,1.70033333333333,1.85804681127178
"125","SF-YK",101.689,2015-05-15,99.5341935483871,2.1548064516129,1.89499125571622
"126","SF-YK",101.689,2015-06-15,99.1983333333333,2.49066666666666,1.9043460944259
"127","SF-YK",101.689,2015-07-15,99.7035483870968,1.98545161290322,1.90104053887034
"128","SF-YK",101.689,2015-08-15,100.162580645161,1.52641935483871,1.94265344209615
"129","SF-YK",101.689,2015-09-15,100.535,1.154,2.02421258188109
"130","SF-YK",101.689,2015-10-15,100.22,1.46899999999999,2.08710147076998
"131","SF-YK",101.689,2015-11-15,99.775,1.91399999999999,2.10116061055493
"132","SF-YK",101.689,2015-12-15,99.5196774193548,2.16932258064516,2.12779949944382
"133","SF-YK",101.689,2016-01-15,99.7112903225807,1.97770967741934,2.15554143492769
"134","SF-YK",101.689,2016-02-15,100.003793103448,1.68520689655172,2.19029949944382
"135","SF-YK",101.689,2016-03-15,99.6193548387097,2.06964516129031,2.26186559139784
"136","SF-YK",101.689,2016-04-15,99.5453333333333,2.14366666666666,2.3319193548387
"137","SF-YK",101.689,2016-05-15,99.421935483871,2.26706451612903,2.45861379928315
"138","SF-YK",101.689,2016-06-15,99.238,2.45099999999999,2.63170519713261
"139","SF-YK",101.689,2016-07-15,99.2041935483871,2.4848064516129,2.62028853046594
"140","SF-YK",101.689,2016-08-15,99.1838709677419,2.50512903225805,2.55316487455196
"141","SF-YK",101.689,2016-09-15,99.7803333333333,1.90866666666666,2.47762724014336
"142","SF-YK",101.689,2016-10-15,100.051290322581,1.63770967741935,2.38912724014336
"143","SF-YK",101.689,2016-11-15,99.4553333333333,2.23366666666666,2.34678853046594
"144","SF-YK",101.689,2016-12-15,99.1867741935484,2.50222580645161,2.30392741935483
"145","SF-YK",101.689,2017-01-15,99.2941935483871,2.39480645161289,2.26828225806451
"146","SF-YK",101.689,2017-02-15,99.145,2.544,NA
"147","SF-YK",101.689,2017-03-15,98.7787096774194,2.91029032258064,NA
"148","SF-YK",101.689,2017-04-15,98.025,3.66399999999999,NA
"149","SF-YK",101.689,2017-05-15,97.3448387096774,4.34416129032257,NA
"150","SF-YK",101.689,2017-06-15,99.375,2.31399999999999,NA
"151","SF-YK",101.689,2017-07-15,100.009677419355,1.67932258064515,NA
"152","SF-YK",101.689,2017-08-15,100.090322580645,1.59867741935483,NA
"153","SF-YK",101.689,2017-09-15,100.842333333333,0.846666666666664,NA
"154","SF-YK",101.689,2017-10-15,100.55935483871,1.12964516129031,NA
"155","SF-YK",101.689,2017-11-15,99.9696666666667,1.71933333333332,NA
"156","SF-YK",101.689,2017-12-15,99.6145161290323,2.07448387096774,NA
"157","SJ-AJ",52.32,2006-01-15,47.9129032258065,4.40709677419355,4.93411888760881
"158","SJ-AJ",52.32,2006-02-15,47.9042857142857,4.41571428571429,4.91207587685612
"159","SJ-AJ",52.32,2006-03-15,47.6809677419355,4.63903225806452,4.90142111495136
"160","SJ-AJ",52.32,2006-04-15,46.9593333333333,5.36066666666667,4.90921681387609
"161","SJ-AJ",52.32,2006-05-15,46.0748387096774,6.24516129032258,4.92330014720942
"162","SJ-AJ",52.32,2006-06-15,45.821,6.499,4.93574638376856
"163","SJ-AJ",52.32,2006-07-15,47.0690322580645,5.25096774193548,4.94188527265745
"164","SJ-AJ",52.32,2006-08-15,47.5406451612903,4.77935483870968,4.93021860599078
"165","SJ-AJ",52.32,2006-09-15,47.94875,4.37125,4.88508419738863
"166","SJ-AJ",52.32,2006-10-15,47.9248387096774,4.39516129032258,4.86850780849974
"167","SJ-AJ",52.32,2006-11-15,47.8133333333333,4.50666666666667,4.81896479774706
"168","SJ-AJ",52.32,2006-12-15,47.9806451612903,4.33935483870967,4.77210368663594
"169","SJ-AJ",52.32,2007-01-15,48.1774193548387,4.14258064516129,4.75003379416283
"170","SJ-AJ",52.32,2007-02-15,48.0321428571429,4.28785714285714,4.73643164362519
"171","SJ-AJ",52.32,2007-03-15,47.5874193548387,4.73258064516129,4.72284584723767
"172","SJ-AJ",52.32,2007-04-15,46.7903333333333,5.52966666666666,4.65832971820541
"173","SJ-AJ",52.32,2007-05-15,45.9254838709677,6.39451612903226,4.55019082931653
"174","SJ-AJ",52.32,2007-06-15,45.7473333333333,6.57266666666667,4.45247577555308
"175","SJ-AJ",52.32,2007-07-15,47.2090322580645,5.11096774193548,4.36564244221975
"176","SJ-AJ",52.32,2007-08-15,48.0822580645161,4.23774193548387,4.33316932394018
"177","SJ-AJ",52.32,2007-09-15,48.1476666666667,4.17233333333333,4.2640833024348
"178","SJ-AJ",52.32,2007-10-15,48.5193548387097,3.80064516129033,4.19222219132369
"179","SJ-AJ",52.32,2007-11-15,48.3756666666667,3.94433333333333,4.16405014831294
"180","SJ-AJ",52.32,2007-12-15,48.2454838709677,4.07451612903226,4.15418903720183
"181","SJ-AJ",52.32,2008-01-15,48.3406451612903,3.97935483870967,4.13623204795452
"182","SJ-AJ",52.32,2008-02-15,48.1951724137931,4.1248275862069,4.13687720924484
"183","SJ-AJ",52.32,2008-03-15,48.3616129032258,3.9583870967742,4.12763562467998
"184","SJ-AJ",52.32,2008-04-15,48.088,4.232,4.15325390424987
"185","SJ-AJ",52.32,2008-05-15,47.098064516129,5.22193548387096,4.19438034103148
"186","SJ-AJ",52.32,2008-06-15,46.7893333333333,5.53066666666667,4.15040184640783
"187","SJ-AJ",52.32,2008-07-15,47.5987096774194,4.72129032258064,3.98104073529671
"188","SJ-AJ",52.32,2008-08-15,48.9112903225806,3.40870967741935,3.88644396110317
"189","SJ-AJ",52.32,2008-09-15,49.01,3.31,3.88160525142575
"190","SJ-AJ",52.32,2008-10-15,48.8574193548387,3.46258064516129,3.91682747364797
"191","SJ-AJ",52.32,2008-11-15,48.494,3.826,3.96486510805657
"192","SJ-AJ",52.32,2008-12-15,48.4609677419355,3.85903225806452,3.99428177472324
"193","SJ-AJ",52.32,2009-01-15,48.3329032258065,3.98709677419355,3.99366349515335
"194","SJ-AJ",52.32,2009-02-15,48.3060714285714,4.01392857142857,3.99089467794904
"195","SJ-AJ",52.32,2009-03-15,48.0541935483871,4.2658064516129,3.97226372556809
"196","SJ-AJ",52.32,2009-04-15,47.5944827586207,4.72551724137931,3.9111078115896
"197","SJ-AJ",52.32,2009-05-15,47.6258064516129,4.6941935483871,3.82092581925243
"198","SJ-AJ",52.32,2009-06-15,48.8216666666667,3.49833333333333,3.75638280849974
"199","SJ-AJ",52.32,2009-07-15,48.7338709677419,3.58612903225806,3.79249391961086
"200","SJ-AJ",52.32,2009-08-15,48.9693548387097,3.35064516129032,3.8318218766001
"201","SJ-AJ",52.32,2009-09-15,48.5873333333333,3.73266666666667,3.88171434971838
"202","SJ-AJ",52.32,2009-10-15,48.2809677419355,4.03903225806452,3.90146434971838
"203","SJ-AJ",52.32,2009-11-15,48.141,4.179,3.91280843573989
"204","SJ-AJ",52.32,2009-12-15,48.4683870967742,3.85161290322581,3.933669546851
"205","SJ-AJ",52.32,2010-01-15,48.3661290322581,3.95387096774193,3.99901900921659
"206","SJ-AJ",52.32,2010-02-15,48.5296428571429,3.79035714285715,4.04071255760369
"207","SJ-AJ",52.32,2010-03-15,48.788064516129,3.53193548387097,4.06970065284178
"208","SJ-AJ",52.32,2010-04-15,48.6766666666667,3.64333333333333,4.13803398617512
"209","SJ-AJ",52.32,2010-05-15,48.4003225806452,3.91967741935484,4.17422843061956
"210","SJ-AJ",52.32,2010-06-15,48.3883333333333,3.93166666666666,4.26111015104967
"211","SJ-AJ",52.32,2010-07-15,48.261935483871,4.05806451612904,4.36852681771633
"212","SJ-AJ",52.32,2010-08-15,48.3706451612903,3.94935483870968,4.34936015104967
"213","SJ-AJ",52.32,2010-09-15,48.3503333333333,3.96966666666667,4.35489778545827
"214","SJ-AJ",52.32,2010-10-15,48.1448387096774,4.17516129032258,4.36039778545827
"215","SJ-AJ",52.32,2010-11-15,47.8906666666667,4.42933333333333,4.30905369943676
"216","SJ-AJ",52.32,2010-12-15,47.6841935483871,4.6358064516129,4.26894258832565
"217","SJ-AJ",52.32,2011-01-15,47.8658064516129,4.4541935483871,4.22840495391705
"218","SJ-AJ",52.32,2011-02-15,48.1817857142857,4.13821428571428,4.21859312596006
"219","SJ-AJ",52.32,2011-03-15,47.968064516129,4.35193548387097,4.25175917686318
"220","SJ-AJ",52.32,2011-04-15,48.2423333333333,4.07766666666667,4.28089896180942
"221","SJ-AJ",52.32,2011-05-15,47.3577419354839,4.96225806451613,4.38557616487455
"222","SJ-AJ",52.32,2011-06-15,47.0993333333333,5.22066666666667,4.4715976702509
"223","SJ-AJ",52.32,2011-07-15,48.491935483871,3.82806451612903,4.44101433691756
"224","SJ-AJ",52.32,2011-08-15,48.3041935483871,4.0158064516129,4.45617562724014
"225","SJ-AJ",52.32,2011-09-15,48.2843333333333,4.03566666666666,4.41784229390681
"226","SJ-AJ",52.32,2011-10-15,48.7609677419355,3.55903225806452,4.36356451612903
"227","SJ-AJ",52.32,2011-11-15,48.372,3.948,4.37641397849462
"228","SJ-AJ",52.32,2011-12-15,48.1706451612903,4.14935483870968,4.37805286738351
"229","SJ-AJ",52.32,2012-01-15,47.9835483870968,4.33645161290323,4.36630555555555
"230","SJ-AJ",52.32,2012-02-15,47.7837931034483,4.53620689655173,4.34396684587814
"231","SJ-AJ",52.32,2012-03-15,47.6183870967742,4.70161290322581,4.31725912830835
"232","SJ-AJ",52.32,2012-04-15,46.9862068965517,5.33379310344828,4.27940966594276
"233","SJ-AJ",52.32,2012-05-15,46.3254838709677,5.99451612903226,4.17834357398873
"234","SJ-AJ",52.32,2012-06-15,47.4663333333333,4.85366666666667,3.9997414234511
"235","SJ-AJ",52.32,2012-07-15,48.31,4.01,3.90004697900666
"236","SJ-AJ",52.32,2012-08-15,48.7641935483871,3.5558064516129,3.8813373015873
"237","SJ-AJ",52.32,2012-09-15,48.9356666666667,3.38433333333333,3.91915988223246
"238","SJ-AJ",52.32,2012-10-15,48.6067741935484,3.71322580645161,3.96102099334357
"239","SJ-AJ",52.32,2012-11-15,48.3523333333333,3.96766666666667,3.98607475678444
"240","SJ-AJ",52.32,2012-12-15,48.3116129032258,4.00838709677419,4.00960253456221
"241","SJ-AJ",52.32,2013-01-15,48.2516129032258,4.0683870967742,4.03777457757297
"242","SJ-AJ",52.32,2013-02-15,48.1042857142857,4.21571428571428,4.05065092165899
"243","SJ-AJ",52.32,2013-03-15,48.0725806451613,4.24741935483871,4.0332997311828
"244","SJ-AJ",52.32,2013-04-15,48.199,4.121,4.0110685483871
"245","SJ-AJ",52.32,2013-05-15,48.4687096774194,3.85129032258065,4.01565188172043
"246","SJ-AJ",52.32,2013-06-15,48.6626666666667,3.65733333333333,4.04949596774194
"247","SJ-AJ",52.32,2013-07-15,48.5345161290323,3.78548387096775,4.08994041218638
"248","SJ-AJ",52.32,2013-08-15,48.3103225806452,4.00967741935484,4.07937589605735
"249","SJ-AJ",52.32,2013-09-15,48.4333333333333,3.88666666666667,4.08028987455197
"250","SJ-AJ",52.32,2013-10-15,48.3061290322581,4.01387096774194,4.09126209677419
"251","SJ-AJ",52.32,2013-11-15,48.07,4.25,4.09491801075269
"252","SJ-AJ",52.32,2013-12-15,47.9735483870968,4.34645161290322,4.07566801075269
"253","SJ-AJ",52.32,2014-01-15,48.0970967741935,4.22290322580645,4.03453897849462
"254","SJ-AJ",52.32,2014-02-15,48.3125,4.0075,4.01868593189964
"255","SJ-AJ",52.32,2014-03-15,48.3393548387097,3.98064516129033,4.0177037890425
"256","SJ-AJ",52.32,2014-04-15,48.144,4.176,4.03149411162314
"257","SJ-AJ",52.32,2014-05-15,48.0625806451613,4.25741935483871,4.02966077828981
"258","SJ-AJ",52.32,2014-06-15,48.1773333333333,4.14266666666667,4.04987583205325
"259","SJ-AJ",52.32,2014-07-15,48.6612903225806,3.65870967741935,4.08775705810689
"260","SJ-AJ",52.32,2014-08-15,48.2993548387097,4.02064516129033,4.10256888606388
"261","SJ-AJ",52.32,2014-09-15,48.3016666666667,4.01833333333333,4.11670867101012
"262","SJ-AJ",52.32,2014-10-15,48.2622580645161,4.05774193548388,4.19401422656567
"263","SJ-AJ",52.32,2014-11-15,48.301,4.019,4.35363788247965
"264","SJ-AJ",52.32,2014-12-15,48.4670967741935,3.85290322580645,4.5298323269241
"265","SJ-AJ",52.32,2015-01-15,48.2873333333333,4.03266666666666,4.72066566025743
"266","SJ-AJ",52.32,2015-02-15,48.3242857142857,3.99571428571429,4.88452945954058
"267","SJ-AJ",52.32,2015-03-15,48.1738709677419,4.14612903225807,5.0395705104437
"268","SJ-AJ",52.32,2015-04-15,48.166,4.154,5.19664040291682
"269","SJ-AJ",52.32,2015-05-15,47.82,4.5,5.3564181806946
"270","SJ-AJ",52.32,2015-06-15,47.7227586206897,4.59724137931035,5.49780706958349
"271","SJ-AJ",52.32,2015-07-15,48.4835483870968,3.83645161290323,5.60378695464096
"272","SJ-AJ",52.32,2015-08-15,48.1296774193548,4.19032258064516,5.74690523421085
"273","SJ-AJ",52.32,2015-09-15,47.374,4.946,5.87582996539365
"274","SJ-AJ",52.32,2015-10-15,46.3467741935484,5.97322580645162,5.90702440983809
"275","SJ-AJ",52.32,2015-11-15,46.1866666666667,6.13333333333333,5.82121795822519
"276","SJ-AJ",52.32,2015-12-15,46.1770967741936,6.14290322580645,5.75416240266963
"277","SJ-AJ",52.32,2016-01-15,46.3209677419355,5.99903225806452,5.69276455320727
"278","SJ-AJ",52.32,2016-02-15,46.4637931034483,5.85620689655173,5.63443121987393
"279","SJ-AJ",52.32,2016-03-15,46.2890322580645,6.03096774193548,5.58346754992319
"280","SJ-AJ",52.32,2016-04-15,46.2486666666667,6.07133333333334,5.54220410906298
"281","SJ-AJ",52.32,2016-05-15,46.1233333333333,6.19666666666667,5.56409299795187
"282","SJ-AJ",52.32,2016-06-15,46.451,5.869,5.64326862519201
"283","SJ-AJ",52.32,2016-07-15,46.7661290322581,5.55387096774194,5.61368529185868
"284","SJ-AJ",52.32,2016-08-15,46.5825806451613,5.73741935483871,5.51801324884793
"285","SJ-AJ",52.32,2016-09-15,46.9996666666667,5.32033333333333,5.41088959293395
"286","SJ-AJ",52.32,2016-10-15,47.3764516129032,4.94354838709678,5.28125070404506
"287","SJ-AJ",52.32,2016-11-15,46.9913333333333,5.32866666666666,5.20600876856119
"288","SJ-AJ",52.32,2016-12-15,46.9138709677419,5.40612903225806,5.12659210189452
"289","SJ-AJ",52.32,2017-01-15,47.0209677419355,5.29903225806451,5.06428027393753
"290","SJ-AJ",52.32,2017-02-15,47.0753571428571,5.24464285714286,NA
"291","SJ-AJ",52.32,2017-03-15,46.7841935483871,5.53580645161291,NA
"292","SJ-AJ",52.32,2017-04-15,45.986,6.334,NA
"293","SJ-AJ",52.32,2017-05-15,45.1732258064516,7.14677419354839,NA
"294","SJ-AJ",52.32,2017-06-15,46.806,5.514,NA
"295","SJ-AJ",52.32,2017-07-15,47.9141935483871,4.4058064516129,NA
"296","SJ-AJ",52.32,2017-08-15,47.868064516129,4.45193548387097,NA
"297","SJ-AJ",52.32,2017-09-15,48.5553333333333,3.76466666666667,NA
"298","SJ-AJ",52.32,2017-10-15,48.2793548387097,4.04064516129032,NA
"299","SJ-AJ",52.32,2017-11-15,47.9443333333333,4.37566666666667,NA
"300","SJ-AJ",52.32,2017-12-15,47.6616129032258,4.65838709677419,NA
"301","SJ-LH",86.45,2006-01-15,80.6341935483871,5.81580645161291,5.8988751280082
"302","SJ-LH",86.45,2006-02-15,80.7239285714286,5.72607142857144,5.86839125704046
"303","SJ-LH",86.45,2006-03-15,80.4177419354839,6.03225806451614,5.84669482846903
"304","SJ-LH",86.45,2006-04-15,80.0763333333333,6.37366666666668,5.82540450588839
"305","SJ-LH",86.45,2006-05-15,79.7445161290322,6.70548387096775,5.80207117255505
"306","SJ-LH",86.45,2006-06-15,80.0803333333333,6.36966666666667,5.77785074244753
"307","SJ-LH",86.45,2006-07-15,80.7725806451613,5.67741935483872,5.75132296466975
"308","SJ-LH",86.45,2006-08-15,80.6832258064516,5.7667741935484,5.74452188940093
"309","SJ-LH",86.45,2006-09-15,80.8266666666667,5.62333333333335,5.70995199692781
"310","SJ-LH",86.45,2006-10-15,80.8216129032258,5.6283870967742,5.67106310803892
"311","SJ-LH",86.45,2006-11-15,80.8533333333333,5.59666666666668,5.60877816180237
"312","SJ-LH",86.45,2006-12-15,80.9790322580645,5.4709677419355,5.57250038402459
"313","SJ-LH",86.45,2007-01-15,81,5.45,5.56064554531491
"314","SJ-LH",86.45,2007-02-15,80.9842857142857,5.4657142857143,5.54811866359448
"315","SJ-LH",86.45,2007-03-15,80.6732258064516,5.77677419354839,5.53324592139415
"316","SJ-LH",86.45,2007-04-15,80.3563333333333,6.09366666666668,5.48499323322211
"317","SJ-LH",86.45,2007-05-15,80.0351612903226,6.41483870967743,5.41252101099989
"318","SJ-LH",86.45,2007-06-15,80.3986666666667,6.05133333333335,5.35760165616118
"319","SJ-LH",86.45,2007-07-15,80.8541935483871,5.59580645161292,5.32049054505007
"320","SJ-LH",86.45,2007-08-15,81.098064516129,5.35193548387097,5.27323248053394
"321","SJ-LH",86.45,2007-09-15,81.2933333333333,5.15666666666668,5.16877011494254
"322","SJ-LH",86.45,2007-10-15,81.5690322580645,4.88096774193549,5.0416867816092
"323","SJ-LH",86.45,2007-11-15,81.2886666666667,5.16133333333335,4.99066527623286
"324","SJ-LH",86.45,2007-12-15,81.1212903225806,5.32870967741937,4.96963749845508
"325","SJ-LH",86.45,2008-01-15,81.1503225806452,5.29967741935485,4.94686868125078
"326","SJ-LH",86.45,2008-02-15,81.1627586206896,5.28724137931036,4.94482567049809
"327","SJ-LH",86.45,2008-03-15,81.2522580645161,5.19774193548388,4.93353769841271
"328","SJ-LH",86.45,2008-04-15,81.226,5.224,4.95937103174604
"329","SJ-LH",86.45,2008-05-15,80.6941935483871,5.75580645161291,5.00817658730159
"330","SJ-LH",86.45,2008-06-15,80.844,5.60600000000001,4.98374110343063
"331","SJ-LH",86.45,2008-07-15,81.4212903225806,5.02870967741936,4.88935221454174
"332","SJ-LH",86.45,2008-08-15,82.3516129032258,4.0983870967742,4.86166404249873
"333","SJ-LH",86.45,2008-09-15,82.8183333333333,3.63166666666667,4.91300812852023
"334","SJ-LH",86.45,2008-10-15,82.1812903225806,4.26870967741937,5.00123035074245
"335","SJ-LH",86.45,2008-11-15,81.541,4.90900000000001,5.05787013568869
"336","SJ-LH",86.45,2008-12-15,81.3945161290323,5.05548387096775,5.09142569124425
"337","SJ-LH",86.45,2009-01-15,81.1748387096774,5.27516129032259,5.08242031490016
"338","SJ-LH",86.45,2009-02-15,81.2982142857143,5.15178571428572,5.05301171274962
"339","SJ-LH",86.45,2009-03-15,80.9422580645161,5.50774193548388,5.01955933179724
"340","SJ-LH",86.45,2009-04-15,80.6403333333333,5.80966666666667,4.94195180491552
"341","SJ-LH",86.45,2009-05-15,80.9874193548387,5.4625806451613,4.84300736047108
"342","SJ-LH",86.45,2009-06-15,81.9766666666667,4.47333333333334,4.79048047875065
"343","SJ-LH",86.45,2009-07-15,81.7535483870968,4.69645161290323,4.81275825652843
"344","SJ-LH",86.45,2009-08-15,81.7354838709677,4.71451612903226,4.80453245007681
"345","SJ-LH",86.45,2009-09-15,81.7596666666667,4.69033333333334,4.78641417050692
"346","SJ-LH",86.45,2009-10-15,81.5016129032258,4.9483870967742,4.77491417050692
"347","SJ-LH",86.45,2009-11-15,81.1383333333333,5.31166666666668,4.76104320276499
"348","SJ-LH",86.45,2009-12-15,81.5025806451613,4.94741935483871,4.73387653609832
"349","SJ-LH",86.45,2010-01-15,81.5277419354839,4.92225806451614,4.75487115975423
"350","SJ-LH",86.45,2010-02-15,81.6996428571428,4.75035714285715,4.76479051459294
"351","SJ-LH",86.45,2010-03-15,81.8735483870968,4.57645161290323,4.76946313364056
"352","SJ-LH",86.45,2010-04-15,81.8276666666667,4.62233333333334,4.80615668202766
"353","SJ-LH",86.45,2010-05-15,81.6177419354839,4.83225806451614,4.80576779313877
"354","SJ-LH",86.45,2010-06-15,81.7093333333333,4.74066666666667,4.84988517665131
"355","SJ-LH",86.45,2010-07-15,81.8522580645161,4.59774193548388,4.91066295442909
"356","SJ-LH",86.45,2010-08-15,81.9529032258065,4.49709677419355,4.89934575012802
"357","SJ-LH",86.45,2010-09-15,81.8976666666667,4.55233333333334,4.8747758576549
"358","SJ-LH",86.45,2010-10-15,81.668064516129,4.78193548387098,4.85360919098823
"359","SJ-LH",86.45,2010-11-15,81.4643333333333,4.98566666666667,4.76911994367641
"360","SJ-LH",86.45,2010-12-15,81.2506451612903,5.19935483870968,4.72006438812085
"361","SJ-LH",86.45,2011-01-15,81.4087096774194,5.04129032258065,4.68178481822838
"362","SJ-LH",86.45,2011-02-15,81.6435714285714,4.80642857142858,4.67514503328214
"363","SJ-LH",86.45,2011-03-15,81.4332258064516,5.0167741935484,4.68981046842171
"364","SJ-LH",86.45,2011-04-15,81.8323333333333,4.61766666666668,4.69693412433569
"365","SJ-LH",86.45,2011-05-15,81.0883333333333,5.36166666666668,4.78126649981462
"366","SJ-LH",86.45,2011-06-15,80.98,5.47000000000001,4.82491793350637
"367","SJ-LH",86.45,2011-07-15,81.988064516129,4.46193548387097,4.76911237795082
"368","SJ-LH",86.45,2011-08-15,82.2477419354839,4.20225806451614,4.75510700160673
"369","SJ-LH",86.45,2011-09-15,82.1516666666667,4.29833333333335,4.7450801198863
"370","SJ-LH",86.45,2011-10-15,82.681935483871,3.76806451612904,4.73266345321964
"371","SJ-LH",86.45,2011-11-15,82.053,4.39700000000001,4.76357743171426
"372","SJ-LH",86.45,2011-12-15,81.71,4.74000000000001,4.77674409838093
"373","SJ-LH",86.45,2012-01-15,81.4883870967742,4.96161290322581,4.77346452848845
"374","SJ-LH",86.45,2012-02-15,81.4675862068965,4.98241379310346,4.74988925967125
"375","SJ-LH",86.45,2012-03-15,81.3477419354839,5.10225806451614,4.73786712259164
"376","SJ-LH",86.45,2012-04-15,80.8203448275862,5.62965517241381,4.70878110108626
"377","SJ-LH",86.45,2012-05-15,80.5645161290323,5.88548387096775,4.60447650338511
"378","SJ-LH",86.45,2012-06-15,81.6496666666667,4.80033333333334,4.33531118080447
"379","SJ-LH",86.45,2012-07-15,82.1561290322581,4.29387096774194,4.22767229191558
"380","SJ-LH",86.45,2012-08-15,82.368064516129,4.08193548387098,4.17272605535644
"381","SJ-LH",86.45,2012-09-15,82.3006666666667,4.14933333333335,4.15573680804461
"382","SJ-LH",86.45,2012-10-15,82.3109677419355,4.13903225806453,4.09782014137794
"383","SJ-LH",86.45,2012-11-15,81.895,4.55500000000001,4.05927175428117
"384","SJ-LH",86.45,2012-12-15,81.7493548387097,4.70064516129032,4.03379953205895
"385","SJ-LH",86.45,2013-01-15,81.7712903225806,4.67870967741936,3.99807372560734
"386","SJ-LH",86.45,2013-02-15,81.6118518518519,4.83814814814815,3.95578877937078
"387","SJ-LH",86.45,2013-03-15,81.6967741935484,4.75322580645162,3.89543714797748
"388","SJ-LH",86.45,2013-04-15,82.072,4.37800000000001,3.85567908346135
"389","SJ-LH",86.45,2013-05-15,83.7945,2.6555,3.85706797235024
"390","SJ-LH",86.45,2013-06-15,82.9413333333333,3.50866666666667,3.97811501536099
"391","SJ-LH",86.45,2013-07-15,82.8154838709677,3.63451612903226,4.03405945980544
"392","SJ-LH",86.45,2013-08-15,82.571935483871,3.87806451612904,4.06473150281619
"393","SJ-LH",86.45,2013-09-15,82.9956666666667,3.45433333333334,4.11263472862264
"394","SJ-LH",86.45,2013-10-15,82.7735483870968,3.67645161290324,4.12532917306709
"395","SJ-LH",86.45,2013-11-15,82.2006666666667,4.24933333333334,4.10315175371225
"396","SJ-LH",86.45,2013-12-15,82.178064516129,4.27193548387098,4.0848165046701
"397","SJ-LH",86.45,2014-01-15,82.2787096774193,4.17129032258066,4.1087412358529
"398","SJ-LH",86.45,2014-02-15,82.3360714285714,4.11392857142859,4.11801542940128
"399","SJ-LH",86.45,2014-03-15,82.1738709677419,4.27612903225807,4.10274757225843
"400","SJ-LH",86.45,2014-04-15,82.0553333333333,4.39466666666668,4.0654895077423
"401","SJ-LH",86.45,2014-05-15,82.341935483871,4.10806451612905,4.03981326253157
"402","SJ-LH",86.45,2014-06-15,82.27,4.18000000000001,4.07158745607995
"403","SJ-LH",86.45,2014-07-15,82.4474193548387,4.0025806451613,4.08711523385773
"404","SJ-LH",86.45,2014-08-15,81.9970967741935,4.45290322580647,4.10085179299751
"405","SJ-LH",86.45,2014-09-15,82.8433333333333,3.60666666666667,4.0261654130692
"406","SJ-LH",86.45,2014-10-15,83.0396774193548,3.41032258064517,3.99527652418031
"407","SJ-LH",86.45,2014-11-15,82.4206896551724,4.02931034482759,4.02218512633085
"408","SJ-LH",86.45,2014-12-15,81.8909677419355,4.55903225806452,4.01971481981743
"409","SJ-LH",86.45,2015-01-15,82.1674193548387,4.28258064516129,3.98471481981744
"410","SJ-LH",86.45,2015-02-15,82.5192857142857,3.93071428571429,3.95256428218303
"411","SJ-LH",86.45,2015-03-15,82.6209677419355,3.82903225806452,3.92724613768385
"412","SJ-LH",86.45,2015-04-15,82.3634482758621,4.08655172413793,3.94555258929675
"413","SJ-LH",86.45,2015-05-15,81.9606451612903,4.48935483870967,3.95739550117415
"414","SJ-LH",86.45,2015-06-15,82.0836666666667,4.36633333333333,3.94465356569028
"415","SJ-LH",86.45,2015-07-15,82.2825806451613,4.16741935483871,3.89987291434928
"416","SJ-LH",86.45,2015-08-15,82.8933333333333,3.55666666666667,3.85772237671487
"417","SJ-LH",86.45,2015-09-15,83.214,3.236,3.8628657458905
"418","SJ-LH",86.45,2015-10-15,82.7167741935484,3.73322580645161,3.86844907922383
"419","SJ-LH",86.45,2015-11-15,82.4503333333333,3.99966666666667,3.78729137313064
"420","SJ-LH",86.45,2015-12-15,82.3109677419355,4.13903225806452,3.75737470646398
"421","SJ-LH",86.45,2016-01-15,82.5532258064516,3.8967741935484,3.74791234087258
"422","SJ-LH",86.45,2016-02-15,82.8231034482759,3.62689655172414,3.76008976022742
"423","SJ-LH",86.45,2016-03-15,82.4012903225806,4.04870967741935,3.80231266663136
"424","SJ-LH",86.45,2016-04-15,82.2213333333333,4.22866666666667,3.83097574906863
"425","SJ-LH",86.45,2016-05-15,82.1135483870968,4.33645161290323,3.86361463795752
"426","SJ-LH",86.45,2016-06-15,82.6210344827586,3.82896551724139,3.90982431537688
"427","SJ-LH",86.45,2016-07-15,82.7883870967742,3.66161290322582,3.89232718894009
"428","SJ-LH",86.45,2016-08-15,82.8316129032258,3.6183870967742,3.86692396313364
"429","SJ-LH",86.45,2016-09-15,83.147,3.303,3.83259600614439
"430","SJ-LH",86.45,2016-10-15,83.6906666666667,2.75933333333333,3.74323489503328
"431","SJ-LH",86.45,2016-11-15,82.8093333333333,3.64066666666668,3.71458077316949
"432","SJ-LH",86.45,2016-12-15,82.4245161290323,4.02548387096775,3.70246966205837
"433","SJ-LH",86.45,2017-01-15,82.4070967741935,4.04290322580646,3.68378686635945
"434","SJ-LH",86.45,2017-02-15,82.3164285714286,4.13357142857143,NA
"435","SJ-LH",86.45,2017-03-15,82.0573333333333,4.39266666666667,NA
"436","SJ-LH",86.45,2017-04-15,81.8296666666667,4.62033333333333,NA
"437","SJ-LH",86.45,2017-05-15,81.5590322580645,4.89096774193548,NA
"438","SJ-LH",86.45,2017-06-15,82.831,3.619,NA
"439","SJ-LH",86.45,2017-07-15,83.0932258064516,3.35677419354839,NA
"440","SJ-LH",86.45,2017-08-15,83.2435483870968,3.20645161290322,NA
"441","SJ-LH",86.45,2017-09-15,84.2193333333333,2.23066666666666,NA
"442","SJ-LH",86.45,2017-10-15,84.0345161290323,2.41548387096775,NA
"443","SJ-LH",86.45,2017-11-15,82.9546666666667,3.49533333333333,NA
"444","SJ-LH",86.45,2017-12-15,82.6487096774193,3.80129032258066,NA
"445","SJ-LI",42.01,2006-01-15,41.4521428571429,0.557857142857145,3.41292964067347
"446","SJ-LI",42.01,2006-02-15,40.7225,1.2875,3.71031251317731
"447","SJ-LI",42.01,2006-03-15,40.0475,1.9625,3.97781251317731
"448","SJ-LI",42.01,2006-04-15,39.4133333333333,2.59666666666666,4.24609880349989
"449","SJ-LI",42.01,2006-05-15,36.74,5.27,4.5278488034999
"450","SJ-LI",42.01,2006-06-15,38.6035294117647,3.40647058823529,4.65180041640312
"451","SJ-LI",42.01,2006-07-15,38.3812903225806,3.62870967741936,4.88776120071685
"452","SJ-LI",42.01,2006-08-15,37.998064516129,4.01193548387097,5.0334332437276
"453","SJ-LI",42.01,2006-09-15,37.9676666666667,4.04233333333333,5.13007302867384
"454","SJ-LI",42.01,2006-10-15,37.41,4.6,5.19696191756272
"455","SJ-LI",42.01,2006-11-15,37.1933333333333,4.81666666666667,5.16924686379928
"456","SJ-LI",42.01,2006-12-15,37.2354838709677,4.77451612903226,5.17227464157706
"457","SJ-LI",42.01,2007-01-15,37.8835483870968,4.12645161290322,5.19369937275986
"458","SJ-LI",42.01,2007-02-15,37.5125,4.4975,5.23735528673835
"459","SJ-LI",42.01,2007-03-15,36.828064516129,5.18193548387097,5.24816706834755
"460","SJ-LI",42.01,2007-04-15,36.0323333333333,5.97766666666667,5.171070294154
"461","SJ-LI",42.01,2007-05-15,35.2525806451613,6.75741935483871,5.07529251637622
"462","SJ-LI",42.01,2007-06-15,35.772,6.238,5.0232226239031
"463","SJ-LI",42.01,2007-07-15,36.6332258064516,5.37677419354839,5.07913929056977
"464","SJ-LI",42.01,2007-08-15,36.8383870967742,5.17161290322581,5.07940810777407
"465","SJ-LI",42.01,2007-09-15,37.165,4.845,4.91352101099988
"466","SJ-LI",42.01,2007-10-15,37.7425806451613,4.26741935483872,4.61082656655543
"467","SJ-LI",42.01,2007-11-15,37.157,4.853,4.35950936225436
"468","SJ-LI",42.01,2007-12-15,36.9783870967742,5.03161290322581,4.08512047336547
"469","SJ-LI",42.01,2008-01-15,37.3596774193548,4.65032258064516,3.81340004325794
"470","SJ-LI",42.01,2008-02-15,37.3827586206896,4.62724137931035,3.59557746261278
"471","SJ-LI",42.01,2008-03-15,37.7532258064516,4.25677419354839,3.3990513952893
"472","SJ-LI",42.01,2008-04-15,37.1816666666667,4.82833333333333,3.27902451356887
"473","SJ-LI",42.01,2008-05-15,35.8774193548387,6.13258064516129,3.15488562467998
"474","SJ-LI",42.01,2008-06-15,35.101,6.909,2.87827272145417
"475","SJ-LI",42.01,2008-07-15,36.63,5.38,2.37691161034306
"476","SJ-LI",42.01,2008-08-15,38.8290322580645,3.18096774193548,2.00349763184844
"477","SJ-LI",42.01,2008-09-15,40.7973333333333,1.21266666666667,1.76021806195597
"478","SJ-LI",42.01,2008-10-15,40.7583870967742,1.2516129032258,1.70860695084486
"479","SJ-LI",42.01,2008-11-15,40.4496666666667,1.56033333333333,1.70438652073733
"480","SJ-LI",42.01,2008-12-15,40.2390322580645,1.77096774193549,1.758803187404
"481","SJ-LI",42.01,2009-01-15,39.9735483870968,2.03645161290323,1.78831931643625
"482","SJ-LI",42.01,2009-02-15,39.7410714285714,2.26892857142857,1.79431394009217
"483","SJ-LI",42.01,2009-03-15,39.1935483870968,2.81645161290323,1.7660103686636
"484","SJ-LI",42.01,2009-04-15,38.6713333333333,3.33866666666667,1.65205875576037
"485","SJ-LI",42.01,2009-05-15,39.1967741935484,2.81322580645161,1.50466986687148
"486","SJ-LI",42.01,2009-06-15,41.1173333333333,0.89266666666667,1.40539567332309
"487","SJ-LI",42.01,2009-07-15,41.1109677419355,0.899032258064516,1.48175678443421
"488","SJ-LI",42.01,2009-08-15,41.7483870967742,0.26161290322581,1.51497845523652
"489","SJ-LI",42.01,2009-09-15,41.4166666666667,0.593333333333334,1.63481428472961
"490","SJ-LI",42.01,2009-10-15,40.8090322580645,1.20096774193549,1.73017539584072
"491","SJ-LI",42.01,2009-11-15,39.7966666666667,2.21333333333334,1.82289044960416
"492","SJ-LI",42.01,2009-12-15,39.8848387096774,2.12516129032258,1.86341822738194
"493","SJ-LI",42.01,2010-01-15,39.9016129032258,2.10838709677419,1.95430532415613
"494","SJ-LI",42.01,2010-02-15,40.0807142857143,1.92928571428572,2.02747736716688
"495","SJ-LI",42.01,2010-03-15,40.5609677419355,1.44903225806452,2.13378689097641
"496","SJ-LI",42.01,2010-04-15,40.44,1.57,2.31634065441727
"497","SJ-LI",42.01,2010-05-15,40.388064516129,1.62193548387097,2.42859065441727
"498","SJ-LI",42.01,2010-06-15,40.201,1.809,2.64568742861082
"499","SJ-LI",42.01,2010-07-15,40.7123076923077,1.29769230769231,2.89899298416637
"500","SJ-LI",42.01,2010-08-15,40.3103571428571,1.69964285714286,3.14364765745008
"501","SJ-LI",42.01,2010-09-15,40.2723333333333,1.73766666666667,3.33937634408602
"502","SJ-LI",42.01,2010-10-15,39.6964516129032,2.31354838709677,3.56423745519713
"503","SJ-LI",42.01,2010-11-15,39.3103333333333,2.69966666666667,3.67437279075516
"504","SJ-LI",42.01,2010-12-15,38.7941935483871,3.21580645161291,3.78451167964405
"505","SJ-LI",42.01,2011-01-15,39.0235483870968,2.98645161290322,3.89569447534297
"506","SJ-LI",42.01,2011-02-15,38.805,3.205,4.07021636474389
"507","SJ-LI",42.01,2011-03-15,38.3703225806452,3.63967741935484,4.26152383600826
"508","SJ-LI",42.01,2011-04-15,39.093,2.917,4.4442388897717
"509","SJ-LI",42.01,2011-05-15,37.7829032258065,4.22709677419355,4.74532222310504
"510","SJ-LI",42.01,2011-06-15,37.1613333333333,4.84866666666667,4.99771469622331
"511","SJ-LI",42.01,2011-07-15,37.7764516129032,4.23354838709677,5.08590914066776
"512","SJ-LI",42.01,2011-08-15,37.9616129032258,4.04838709677419,5.15136612991507
"513","SJ-LI",42.01,2011-09-15,37.574,4.436,5.23010268905486
"514","SJ-LI",42.01,2011-10-15,38.3748275862069,3.6351724137931,5.22485268905486
"515","SJ-LI",42.01,2011-11-15,37.9886666666667,4.02133333333333,5.30009369758285
"516","SJ-LI",42.01,2011-12-15,37.46,4.55,5.40253814202729
"517","SJ-LI",42.01,2012-01-15,36.9292857142857,5.08071428571429,5.4758445936402
"518","SJ-LI",42.01,2012-02-15,36.5093103448276,5.50068965517241,5.51755926337906
"519","SJ-LI",42.01,2012-03-15,36.1777419354839,5.83225806451613,5.55931726830517
"520","SJ-LI",42.01,2012-04-15,35.48,6.53,5.60197855862775
"521","SJ-LI",42.01,2012-05-15,34.7541935483871,7.2558064516129,5.57781189196108
"522","SJ-LI",42.01,2012-06-15,36.103,5.907,5.41160221454173
"523","SJ-LI",42.01,2012-07-15,36.9909677419355,5.01903225806451,5.2872688812084
"524","SJ-LI",42.01,2012-08-15,37.0167741935484,4.99322580645161,5.2136129672299
"525","SJ-LI",42.01,2012-09-15,37.637,4.373,5.15551081669227
"526","SJ-LI",42.01,2012-10-15,37.471935483871,4.53806451612903,5.16226081669227
"527","SJ-LI",42.01,2012-11-15,36.7593333333333,5.25066666666667,5.19971377368151
"528","SJ-LI",42.01,2012-12-15,36.5803225806452,5.42967741935484,5.21757488479262
"529","SJ-LI",42.01,2013-01-15,36.4287096774194,5.58129032258064,5.24810176651305
"530","SJ-LI",42.01,2013-02-15,36.0082142857143,6.00178571428571,5.28805834219544
"531","SJ-LI",42.01,2013-03-15,35.6658064516129,6.3441935483871,5.23073691362401
"532","SJ-LI",42.01,2013-04-15,35.77,6.24,5.15253798889283
"533","SJ-LI",42.01,2013-05-15,36.7487096774194,5.26129032258064,5.0895657666706
"534","SJ-LI",42.01,2013-06-15,37.595,4.415,5.14569479892867
"535","SJ-LI",42.01,2013-07-15,37.8748387096774,4.13516129032258,5.321778132262
"536","SJ-LI",42.01,2013-08-15,37.714,4.296,5.48736953011146
"537","SJ-LI",42.01,2013-09-15,37.556,4.454,5.60985340107921
"538","SJ-LI",42.01,2013-10-15,37.0225,4.9875,5.73677006774587
"539","SJ-LI",42.01,2013-11-15,36.545,5.465,5.74329560538028
"540","SJ-LI",42.01,2013-12-15,36.214,5.796,5.75849004982472
"541","SJ-LI",42.01,2014-01-15,35.9492307692308,6.06076923076923,5.66266746917956
"542","SJ-LI",42.01,2014-02-15,36.6960714285714,5.31392857142857,5.56222702252944
"543","SJ-LI",42.01,2014-03-15,36.6041935483871,5.4058064516129,5.51838773681515
"544","SJ-LI",42.01,2014-04-15,36.5256666666667,5.48433333333333,5.48809203789042
"545","SJ-LI",42.01,2014-05-15,36.0751612903226,5.93483870967741,5.50681426011264
"546","SJ-LI",42.01,2014-06-15,35.482,6.528,5.56538952892985
"547","SJ-LI",42.01,2014-07-15,35.8877419354839,6.12225806451612,5.62033397337429
"548","SJ-LI",42.01,2014-08-15,36.2441935483871,5.7658064516129,5.65079096262161
"549","SJ-LI",42.01,2014-09-15,36.033,5.977,5.67608666154634
"550","SJ-LI",42.01,2014-10-15,36.9441935483871,5.0658064516129,5.56855888376856
"551","SJ-LI",42.01,2014-11-15,36.3626666666667,5.64733333333333,5.54229544290834
"552","SJ-LI",42.01,2014-12-15,37.3638709677419,4.64612903225806,5.53362877624168
"553","SJ-LI",42.01,2015-01-15,37.1545161290323,4.85548387096774,5.6384674859191
"554","SJ-LI",42.01,2015-02-15,37.2221428571429,4.78785714285714,5.70368253968254
"555","SJ-LI",42.01,2015-03-15,36.9677419354839,5.04225806451613,5.70072892720306
"556","SJ-LI",42.01,2015-04-15,36.301,5.709,5.74699236806328
"557","SJ-LI",42.01,2015-05-15,35.3722580645161,6.63774193548387,5.75765903472994
"558","SJ-LI",42.01,2015-06-15,34.8226666666667,7.18733333333333,5.693599894945
"559","SJ-LI",42.01,2015-07-15,35.5222580645161,6.48774193548387,5.48462767272278
"560","SJ-LI",42.01,2015-08-15,35.9406451612903,6.06935483870967,5.38460079100235
"561","SJ-LI",42.01,2015-09-15,37.3233333333333,4.68666666666667,5.37718143616364
"562","SJ-LI",42.01,2015-10-15,37.2593548387097,4.75064516129032,5.46026476949697
"563","SJ-LI",42.01,2015-11-15,36.4666666666667,5.54333333333333,5.43510347917439
"564","SJ-LI",42.01,2015-12-15,36.1058064516129,5.90419354838709,5.41704792361883
"565","SJ-LI",42.01,2016-01-15,36.371935483871,5.63806451612903,5.44341889136077
"566","SJ-LI",42.01,2016-02-15,37.2575862068966,4.75241379310344,5.4845210418984
"567","SJ-LI",42.01,2016-03-15,36.4125806451613,5.59741935483871,5.60580798771121
"568","SJ-LI",42.01,2016-04-15,36.173,5.837,5.707044546851
"569","SJ-LI",42.01,2016-05-15,36.1409677419355,5.86903225806451,5.84698899129544
"570","SJ-LI",42.01,2016-06-15,37.3303333333333,4.67966666666666,6.03287608806964
"571","SJ-LI",42.01,2016-07-15,36.7225806451613,5.28741935483871,6.06565386584741
"572","SJ-LI",42.01,2016-08-15,36.0296774193548,5.98032258064516,6.13729365079365
"573","SJ-LI",42.01,2016-09-15,36.3263333333333,5.68366666666667,6.06667537122376
"574","SJ-LI",42.01,2016-10-15,37.5612903225806,4.44870967741935,5.88648092677931
"575","SJ-LI",42.01,2016-11-15,36.6833333333333,5.32666666666666,5.7671798515105
"576","SJ-LI",42.01,2016-12-15,35.7893548387097,6.22064516129032,5.62504096262161
"577","SJ-LI",42.01,2017-01-15,35.8787096774194,6.13129032258065,5.43893881208397
"578","SJ-LI",42.01,2017-02-15,35.8021428571429,6.20785714285714,NA
"579","SJ-LI",42.01,2017-03-15,35.1977419354839,6.81225806451613,NA
"580","SJ-LI",42.01,2017-04-15,34.4936666666667,7.51633333333333,NA
"581","SJ-LI",42.01,2017-05-15,33.9103225806452,8.09967741935483,NA
"582","SJ-LI",42.01,2017-06-15,36.937,5.073,NA
"583","SJ-LI",42.01,2017-07-15,35.8629032258064,6.14709677419355,NA
"584","SJ-LI",42.01,2017-08-15,36.8770967741935,5.13290322580645,NA
"585","SJ-LI",42.01,2017-09-15,38.4886666666667,3.52133333333333,NA
"586","SJ-LI",42.01,2017-10-15,38.9929032258065,3.01709677419355,NA
"587","SJ-LI",42.01,2017-11-15,38.389,3.621,NA
"588","SJ-LI",42.01,2017-12-15,38.0225806451613,3.98741935483871,NA
"589","SW-LF",71.23,2006-01-15,68.9396666666667,2.29033333333334,NA
"590","SW-LF",71.23,2006-02-15,69.653,1.57700000000001,NA
"591","SW-LF",71.23,2006-03-15,68.558,2.67200000000001,NA
"592","SW-LF",71.23,2006-04-15,67.883,3.34700000000001,NA
"593","SW-LF",71.23,2006-05-15,66.008,5.22199999999999,NA
"594","SW-LF",71.23,2006-06-15,NA,NA,NA
"595","SW-LF",71.23,2006-07-15,65.228,6.002,4.41061111111111
"596","SW-LF",71.23,2006-08-15,64.9196666666667,6.31033333333333,4.57158333333334
"597","SW-LF",71.23,2006-09-15,69.528,1.70200000000001,4.47963888888889
"598","SW-LF",71.23,2006-10-15,65.768,5.462,4.91505555555556
"599","SW-LF",71.23,2006-11-15,65.423,5.807,5.01255555555556
"600","SW-LF",71.23,2006-12-15,65.153,6.07700000000001,5.15713888888889
"601","SW-LF",71.23,2007-01-15,65.843,5.387,5.30505555555556
"602","SW-LF",71.23,2007-02-15,74.043,-2.813,5.47088888888889
"603","SW-LF",71.23,2007-03-15,74.948,-3.718,6.38505555555556
"604","SW-LF",71.23,2007-04-15,63.883,7.34700000000001,7.36297222222223
"605","SW-LF",71.23,2007-05-15,63.963,7.267,7.19422222222223
"606","SW-LF",71.23,2007-06-15,63.133,8.09700000000001,7.22005555555556
"607","SW-LF",71.23,2007-07-15,63.2963333333333,7.93366666666667,7.20894444444445
"608","SW-LF",71.23,2007-08-15,66.023,5.20700000000001,6.9896388888889
"609","SW-LF",71.23,2007-09-15,64.303,6.92700000000001,6.90672222222223
"610","SW-LF",71.23,2007-10-15,64.598,6.63200000000001,6.82088888888889
"611","SW-LF",71.23,2007-11-15,63.688,7.542,6.85005555555556
"612","SW-LF",71.23,2007-12-15,63.378,7.852,6.84505555555556
"613","SW-LF",71.23,2008-01-15,63.853,7.377,6.81825000000001
"614","SW-LF",71.23,2008-02-15,63.073,8.15700000000001,6.86825000000001
"615","SW-LF",71.23,2008-03-15,63.213,8.01700000000001,6.83241666666667
"616","SW-LF",71.23,2008-04-15,65.908,5.32200000000002,6.85241666666667
"617","SW-LF",71.23,2008-05-15,63.653,7.577,7.13741666666667
"618","SW-LF",71.23,2008-06-15,63.2663333333333,7.96366666666667,7.25408333333334
"619","SW-LF",71.23,2008-07-15,65.928,5.30200000000001,7.19575
"620","SW-LF",71.23,2008-08-15,67.018,4.212,7.12158333333334
"621","SW-LF",71.23,2008-09-15,65.333,5.89700000000001,7.33116666666667
"622","SW-LF",71.23,2008-10-15,64.248,6.982,7.36991666666667
"623","SW-LF",71.23,2008-11-15,63.748,7.482,7.26408333333334
"624","SW-LF",71.23,2008-12-15,63.6996666666667,7.53033333333334,7.20838888888889
"625","SW-LF",71.23,2009-01-15,63.253,7.977,7.02602777777778
"626","SW-LF",71.23,2009-02-15,63.503,7.727,6.76477777777778
"627","SW-LF",71.23,2009-03-15,62.973,8.25700000000001,6.49186111111112
"628","SW-LF",71.23,2009-04-15,62.488,8.742,6.13269444444445
"629","SW-LF",71.23,2009-05-15,62.253,8.977,5.65436111111112
"630","SW-LF",71.23,2009-06-15,63.9663333333333,7.26366666666667,5.17269444444445
"631","SW-LF",71.23,2009-07-15,66.818,4.41200000000001,4.88852777777778
"632","SW-LF",71.23,2009-08-15,64.503,6.727,4.79561111111112
"633","SW-LF",71.23,2009-09-15,64.868,6.36200000000001,4.48727777777778
"634","SW-LF",71.23,2009-10-15,65.518,5.712,4.16644444444445
"635","SW-LF",71.23,2009-11-15,64.4163333333333,6.81366666666666,NA
"636","SW-LF",71.23,2009-12-15,65.888,5.342,NA
"637","SW-LF",71.23,2010-01-15,66.388,4.842,NA
"638","SW-LF",71.23,2010-02-15,66.778,4.45200000000001,NA
"639","SW-LF",71.23,2010-03-15,67.283,3.94700000000002,NA
"640","SW-LF",71.23,2010-04-15,68.228,3.002,NA
"641","SW-LF",71.23,2010-05-15,68.033,3.197,NA
"642","SW-LF",71.23,2010-06-15,67.3763333333333,3.85366666666667,NA
"643","SW-LF",71.23,2010-07-15,67.933,3.29700000000001,NA
"644","SW-LF",71.23,2010-08-15,68.203,3.027,NA
"645","SW-LF",71.23,2010-09-15,68.718,2.51200000000001,NA
"646","SW-LF",71.23,2010-10-15,NA,NA,NA
"647","SW-LF",71.23,2010-11-15,NA,NA,NA
"648","SW-LF",71.23,2010-12-15,66.063,5.16700000000002,3.30329166666667
"649","SW-LF",71.23,2011-01-15,66.638,4.592,3.10395833333334
"650","SW-LF",71.23,2011-02-15,67.508,3.72199999999999,3.01754166666667
"651","SW-LF",71.23,2011-03-15,66.704,4.52600000000001,3.05529166666667
"652","SW-LF",71.23,2011-04-15,69.6265,1.60350000000001,3.10520833333334
"653","SW-LF",71.23,2011-05-15,68.4965,2.73350000000001,3.53658333333334
"654","SW-LF",71.23,2011-06-15,65.704,5.52600000000001,3.92045833333334
"655","SW-LF",71.23,2011-07-15,67.1115,4.1185,3.90745833333334
"656","SW-LF",71.23,2011-08-15,68.574,2.65600000000001,3.67091666666667
"657","SW-LF",71.23,2011-09-15,69.59,1.64,3.52000000000001
"658","SW-LF",71.23,2011-10-15,69.915,1.31500000000001,3.41500000000001
"659","SW-LF",71.23,2011-11-15,69.19,2.04000000000001,3.34333333333334
"660","SW-LF",71.23,2011-12-15,68.455,2.77499999999999,3.26166666666667
"661","SW-LF",71.23,2012-01-15,67.675,3.55500000000001,3.16958333333334
"662","SW-LF",71.23,2012-02-15,67.055,4.175,3.03500000000001
"663","SW-LF",71.23,2012-03-15,66.105,5.12500000000001,2.89625000000001
"664","SW-LF",71.23,2012-04-15,64.45,6.78000000000002,2.72083333333334
"665","SW-LF",71.23,2012-05-15,63.89,7.34,2.53708333333334
"666","SW-LF",71.23,2012-06-15,65.86,5.37,2.29500000000001
"667","SW-LF",71.23,2012-07-15,69.95,1.28000000000002,2.05083333333334
"668","SW-LF",71.23,2012-08-15,70.385,0.845000000000013,1.99333333333334
"669","SW-LF",71.23,2012-09-15,70.85,0.38000000000001,1.96375000000001
"670","SW-LF",71.23,2012-10-15,70.775,0.454999999999998,1.98708333333334
"671","SW-LF",71.23,2012-11-15,70.17,1.06000000000002,2.00500000000001
"672","SW-LF",71.23,2012-12-15,69.56,1.67,2.00708333333334
"673","SW-LF",71.23,2013-01-15,69.29,1.94000000000001,2.01208333333334
"674","SW-LF",71.23,2013-02-15,68.72,2.51000000000001,2.02708333333334
"675","SW-LF",71.23,2013-03-15,68.21,3.02,1.99791666666667
"676","SW-LF",71.23,2013-04-15,66.655,4.575,1.92541666666667
"677","SW-LF",71.23,2013-05-15,66.795,4.43500000000002,1.67833333333334
"678","SW-LF",71.23,2013-06-15,68.79,2.44000000000001,1.46791666666667
"679","SW-LF",71.23,2013-07-15,70.64,0.590000000000003,1.48458333333334
"680","SW-LF",71.23,2013-08-15,70.74,0.489999999999995,1.53916666666667
"681","SW-LF",71.23,2013-09-15,70.57,0.660000000000011,1.53750000000001
"682","SW-LF",71.23,2013-10-15,70.56,0.670000000000002,1.54166666666667
"683","SW-LF",71.23,2013-11-15,70.145,1.08500000000001,1.54958333333334
"684","SW-LF",71.23,2013-12-15,69.5,1.73,1.55666666666667
"685","SW-LF",71.23,2014-01-15,69.11,2.12,1.46208333333334
"686","SW-LF",71.23,2014-02-15,69.07,2.16000000000001,1.34708333333334
"687","SW-LF",71.23,2014-03-15,69.08,2.15000000000001,1.23208333333334
"688","SW-LF",71.23,2014-04-15,69.62,1.61,1.125
"689","SW-LF",71.23,2014-05-15,69.32,1.91000000000001,1.09041666666667
"690","SW-LF",71.23,2014-06-15,68.59,2.64,1.08416666666667
"691","SW-LF",71.23,2014-07-15,69.985,1.245,1.0425
"692","SW-LF",71.23,2014-08-15,70.76,0.470000000000013,1.14791666666667
"693","SW-LF",71.23,2014-09-15,70.52,0.709999999999994,1.14041666666667
"694","SW-LF",71.23,2014-10-15,70.465,0.765000000000001,1.12166666666667
"695","SW-LF",71.23,2014-11-15,70.06,1.17,1.10791666666667
"696","SW-LF",71.23,2014-12-15,70.635,0.595000000000013,1.10833333333334
"697","SW-LF",71.23,2015-01-15,70.49,0.740000000000009,1.1975
"698","SW-LF",71.23,2015-02-15,70.45,0.780000000000001,1.32166666666667
"699","SW-LF",71.23,2015-03-15,70.365,0.864999999999995,1.40083333333334
"700","SW-LF",71.23,2015-04-15,70.035,1.19500000000001,1.51458333333334
"701","SW-LF",71.23,2015-05-15,69.395,1.83499999999999,1.59583333333334
"702","SW-LF",71.23,2015-06-15,69.09,2.14,1.70666666666667
"703","SW-LF",71.23,2015-07-15,68.72,2.51000000000001,1.86944444444445
"704","SW-LF",71.23,2015-08-15,70.85,0.38000000000001,1.87944444444445
"705","SW-LF",71.23,2015-09-15,70.745,0.484999999999999,2.04902777777778
"706","SW-LF",71.23,2015-10-15,70.63,0.600000000000009,2.05277777777778
"707","SW-LF",71.23,2015-11-15,70.055,1.175,2.07194444444445
"708","SW-LF",71.23,2015-12-15,69.565,1.66500000000001,2.11361111111111
"709","SW-LF",71.23,2016-01-15,69,2.23,2.22319444444445
"710","SW-LF",71.23,2016-02-15,69.5,1.73,2.41986111111111
"711","SW-LF",71.23,2016-03-15,69,2.23,2.69611111111111
"712","SW-LF",71.23,2016-04-15,69.06,2.17,3.01027777777778
"713","SW-LF",71.23,2016-05-15,68.065,3.16500000000001,3.39902777777778
"714","SW-LF",71.23,2016-06-15,67.1366666666667,4.09333333333333,3.69902777777778
"715","SW-LF",71.23,2016-07-15,68.6,2.63000000000001,3.83625
"716","SW-LF",71.23,2016-08-15,68.815,2.41500000000001,3.99375
"717","SW-LF",71.23,2016-09-15,70.7,0.530000000000001,4.15541666666667
"718","SW-LF",71.23,2016-10-15,70.4,0.829999999999998,4.20375
"719","SW-LF",71.23,2016-11-15,69.555,1.675,4.19125
"720","SW-LF",71.23,2016-12-15,68.25,2.98,4.16
"721","SW-LF",71.23,2017-01-15,66.64,4.59,4.08
"722","SW-LF",71.23,2017-02-15,66.185,5.045,NA
"723","SW-LF",71.23,2017-03-15,65.23,6,NA
"724","SW-LF",71.23,2017-04-15,64.395,6.83500000000001,NA
"725","SW-LF",71.23,2017-05-15,64.465,6.765,NA
"726","SW-LF",71.23,2017-06-15,65.49,5.73999999999999,NA
"727","SW-LF",71.23,2017-07-15,66.71,4.52,NA
"728","SW-LF",71.23,2017-08-15,66.875,4.355,NA
"729","SW-LF",71.23,2017-09-15,70.12,1.11,NA
"730","SW-LF",71.23,2017-10-15,70.55,0.680000000000007,NA
"731","SW-LF",71.23,2017-11-15,69.93,1.3,NA
"732","SW-LF",71.23,2017-12-15,69.21,2.02,NA
"733","SW-QD",131.22,2006-01-15,130.6,0.620000000000005,1.13833333333334
"734","SW-QD",131.22,2006-02-15,130.69,0.530000000000001,1.16416666666667
"735","SW-QD",131.22,2006-03-15,130.48,0.740000000000009,1.18833333333334
"736","SW-QD",131.22,2006-04-15,130,1.22,1.19833333333334
"737","SW-QD",131.22,2006-05-15,129.42,1.80000000000001,1.18583333333333
"738","SW-QD",131.22,2006-06-15,128.92,2.30000000000001,1.15666666666667
"739","SW-QD",131.22,2006-07-15,129.51,1.71000000000001,1.12833333333333
"740","SW-QD",131.22,2006-08-15,129.98,1.24000000000001,1.13833333333333
"741","SW-QD",131.22,2006-09-15,130.69,0.530000000000001,1.1875
"742","SW-QD",131.22,2006-10-15,130.51,0.710000000000008,1.30416666666667
"743","SW-QD",131.22,2006-11-15,130.15,1.06999999999999,1.38166666666667
"744","SW-QD",131.22,2006-12-15,130.03,1.19,1.43666666666666
"745","SW-QD",131.22,2007-01-15,130.29,0.930000000000007,1.51833333333333
"746","SW-QD",131.22,2007-02-15,130.4,0.819999999999993,1.6375
"747","SW-QD",131.22,2007-03-15,130.36,0.859999999999985,1.7675
"748","SW-QD",131.22,2007-04-15,130.15,1.06999999999999,NA
"749","SW-QD",131.22,2007-05-15,129.77,1.44999999999999,NA
"750","SW-QD",131.22,2007-06-15,129.26,1.96000000000001,NA
"751","SW-QD",131.22,2007-07-15,129.39,1.83000000000001,NA
"752","SW-QD",131.22,2007-08-15,129.39,1.83000000000001,NA
"753","SW-QD",131.22,2007-09-15,129.29,1.93000000000001,NA
"754","SW-QD",131.22,2007-10-15,129.58,1.63999999999999,NA
"755","SW-QD",131.22,2007-11-15,129.49,1.72999999999999,NA
"756","SW-QD",131.22,2007-12-15,129.05,2.16999999999999,NA
"757","SW-QD",131.22,2008-01-15,128.86,2.35999999999999,NA
"758","SW-QD",131.22,2008-02-15,128.84,2.38,NA
"759","SW-QD",131.22,2008-03-15,NA,NA,NA
"760","SW-QD",131.22,2008-04-15,NA,NA,NA
"761","SW-QD",131.22,2008-05-15,128.24,2.97999999999999,2.08583333333333
"762","SW-QD",131.22,2008-06-15,128,3.22,2.11166666666666
"763","SW-QD",131.22,2008-07-15,128.12,3.09999999999999,2.03916666666666
"764","SW-QD",131.22,2008-08-15,129.37,1.84999999999999,1.96333333333333
"765","SW-QD",131.22,2008-09-15,129.83,1.38999999999999,1.96666666666666
"766","SW-QD",131.22,2008-10-15,130.29,0.930000000000007,1.91833333333333
"767","SW-QD",131.22,2008-11-15,129.91,1.31,1.91666666666666
"768","SW-QD",131.22,2008-12-15,129.67,1.55000000000001,1.90416666666666
"769","SW-QD",131.22,2009-01-15,129.58,1.63999999999999,1.84333333333333
"770","SW-QD",131.22,2009-02-15,129.34,1.88,1.78
"771","SW-QD",131.22,2009-03-15,128.73,2.49000000000001,1.68
"772","SW-QD",131.22,2009-04-15,128.53,2.69,1.53333333333333
"773","SW-QD",131.22,2009-05-15,127.93,3.28999999999999,1.34833333333333
"774","SW-QD",131.22,2009-06-15,128.87,2.34999999999999,1.14416666666666
"775","SW-QD",131.22,2009-07-15,129.03,2.19,1.04666666666666
"776","SW-QD",131.22,2009-08-15,129.33,1.88999999999999,0.922499999999997
"777","SW-QD",131.22,2009-09-15,130.41,0.810000000000002,NA
"778","SW-QD",131.22,2009-10-15,130.31,0.909999999999997,NA
"779","SW-QD",131.22,2009-11-15,130.06,1.16,NA
"780","SW-QD",131.22,2009-12-15,130.4,0.819999999999993,NA
"781","SW-QD",131.22,2010-01-15,130.34,0.879999999999995,NA
"782","SW-QD",131.22,2010-02-15,130.54,0.680000000000007,NA
"783","SW-QD",131.22,2010-03-15,130.49,0.72999999999999,NA
"784","SW-QD",131.22,2010-04-15,130.75,0.469999999999999,NA
"785","SW-QD",131.22,2010-05-15,130.38,0.840000000000003,NA
"786","SW-QD",131.22,2010-06-15,130.04,1.18000000000001,NA
"787","SW-QD",131.22,2010-07-15,130.52,0.699999999999989,NA
"788","SW-QD",131.22,2010-08-15,NA,NA,NA
"789","SW-QD",131.22,2010-09-15,130.86,0.359999999999985,NA
"790","SW-QD",131.22,2010-10-15,130.45,0.77000000000001,NA
"791","SW-QD",131.22,2010-11-15,130.54,0.680000000000007,NA
"792","SW-QD",131.22,2010-12-15,129.8,1.41999999999999,NA
"793","SW-QD",131.22,2011-01-15,130.3,0.919999999999987,NA
"794","SW-QD",131.22,2011-02-15,130.3,0.919999999999987,NA
"795","SW-QD",131.22,2011-03-15,130.33,0.889999999999986,NA
"796","SW-QD",131.22,2011-04-15,130.67,0.550000000000011,NA
"797","SW-QD",131.22,2011-05-15,130.02,1.19999999999999,NA
"798","SW-QD",131.22,2011-06-15,NA,NA,NA
"799","SW-QD",131.22,2011-07-15,130.39,0.830000000000013,NA
"800","SW-QD",131.22,2011-08-15,130.61,0.609999999999985,NA
"801","SW-QD",131.22,2011-09-15,130.92,0.300000000000011,NA
"802","SW-QD",131.22,2011-10-15,130.74,0.47999999999999,NA
"803","SW-QD",131.22,2011-11-15,130.7,0.52000000000001,NA
"804","SW-QD",131.22,2011-12-15,131.59,-0.370000000000005,NA
"805","SW-QD",131.22,2012-01-15,131.57,-0.349999999999994,NA
"806","SW-QD",131.22,2012-02-15,130.16,1.06,NA
"807","SW-QD",131.22,2012-03-15,130.04,1.18000000000001,NA
"808","SW-QD",131.22,2012-04-15,NA,NA,NA
"809","SW-QD",131.22,2012-05-15,129.06,2.16,1.00583333333333
"810","SW-QD",131.22,2012-06-15,129.24,1.97999999999999,0.924166666666667
"811","SW-QD",131.22,2012-07-15,130.64,0.580000000000013,0.863333333333335
"812","SW-QD",131.22,2012-08-15,130.52,0.699999999999989,0.866666666666667
"813","SW-QD",131.22,2012-09-15,130.9,0.319999999999993,0.845833333333334
"814","SW-QD",131.22,2012-10-15,130.7,0.52000000000001,0.866666666666667
"815","SW-QD",131.22,2012-11-15,130.37,0.849999999999994,0.883333333333333
"816","SW-QD",131.22,2012-12-15,130.22,1,0.892500000000001
"817","SW-QD",131.22,2013-01-15,130.43,0.789999999999992,0.890833333333333
"818","SW-QD",131.22,2013-02-15,130.28,0.939999999999998,0.910833333333334
"819","SW-QD",131.22,2013-03-15,130.04,1.18000000000001,0.905000000000001
"820","SW-QD",131.22,2013-04-15,130.17,1.05000000000001,0.881666666666668
"821","SW-QD",131.22,2013-05-15,130.04,1.18000000000001,0.860833333333334
"822","SW-QD",131.22,2013-06-15,129.97,1.25,0.818333333333333
"823","SW-QD",131.22,2013-07-15,130.6,0.620000000000005,0.861666666666667
"824","SW-QD",131.22,2013-08-15,130.77,0.449999999999989,0.850833333333334
"825","SW-QD",131.22,2013-09-15,130.65,0.569999999999993,0.865833333333335
"826","SW-QD",131.22,2013-10-15,130.5,0.719999999999999,0.860000000000002
"827","SW-QD",131.22,2013-11-15,130.26,0.960000000000008,0.843333333333336
"828","SW-QD",131.22,2013-12-15,130.24,0.97999999999999,0.832500000000003
"829","SW-QD",131.22,2014-01-15,130.19,1.03,0.795833333333337
"830","SW-QD",131.22,2014-02-15,130.35,0.870000000000005,0.776666666666671
"831","SW-QD",131.22,2014-03-15,130.32,0.900000000000006,0.75416666666667
"832","SW-QD",131.22,2014-04-15,130.42,0.800000000000011,0.710000000000003
"833","SW-QD",131.22,2014-05-15,130.55,0.669999999999987,0.713333333333336
"834","SW-QD",131.22,2014-06-15,129.45,1.77000000000001,0.732500000000004
"835","SW-QD",131.22,2014-07-15,130.73,0.490000000000009,0.655000000000003
"836","SW-QD",131.22,2014-08-15,130.59,0.629999999999995,0.661666666666669
"837","SW-QD",131.22,2014-09-15,130.72,0.5,0.645000000000003
"838","SW-QD",131.22,2014-10-15,130.7,0.52000000000001,0.61916666666667
"839","SW-QD",131.22,2014-11-15,130.39,0.830000000000013,0.61916666666667
"840","SW-QD",131.22,2014-12-15,130.68,0.539999999999992,0.605833333333334
"841","SW-QD",131.22,2015-01-15,130.42,0.800000000000011,0.605833333333334
"842","SW-QD",131.22,2015-02-15,130.62,0.599999999999994,0.575833333333333
"843","SW-QD",131.22,2015-03-15,130.85,0.370000000000005,0.558333333333332
"844","SW-QD",131.22,2015-04-15,130.38,0.840000000000003,0.560833333333333
"845","SW-QD",131.22,2015-05-15,130.32,0.900000000000006,0.567499999999998
"846","SW-QD",131.22,2015-06-15,130.38,0.840000000000003,0.559166666666665
"847","SW-QD",131.22,2015-07-15,130.65,0.569999999999993,0.525833333333331
"848","SW-QD",131.22,2015-08-15,130.79,0.430000000000007,0.538333333333332
"849","SW-QD",131.22,2015-09-15,131.03,0.189999999999998,0.564166666666665
"850","SW-QD",131.22,2015-10-15,130.7,0.52000000000001,0.574999999999998
"851","SW-QD",131.22,2015-11-15,130.55,0.669999999999987,0.576666666666663
"852","SW-QD",131.22,2015-12-15,130.68,0.539999999999992,0.604999999999997
"853","SW-QD",131.22,2016-01-15,130.78,0.439999999999998,0.650833333333331
"854","SW-QD",131.22,2016-02-15,130.83,0.389999999999986,0.696666666666665
"855","SW-QD",131.22,2016-03-15,130.82,0.400000000000006,0.749166666666667
"856","SW-QD",131.22,2016-04-15,130.3,0.919999999999987,0.814166666666667
"857","SW-QD",131.22,2016-05-15,130.42,0.800000000000011,0.864166666666669
"858","SW-QD",131.22,2016-06-15,130.78,0.439999999999998,0.949166666666668
"859","SW-QD",131.22,2016-07-15,130.5,0.719999999999999,1.10166666666667
"860","SW-QD",131.22,2016-08-15,130.48,0.740000000000009,1.135
"861","SW-QD",131.22,2016-09-15,130.9,0.319999999999993,1.13583333333334
"862","SW-QD",131.22,2016-10-15,130.68,0.539999999999992,1.10833333333334
"863","SW-QD",131.22,2016-11-15,130.21,1.00999999999999,1.09166666666667
"864","SW-QD",131.22,2016-12-15,130.13,1.09,1.0525
"865","SW-QD",131.22,2017-01-15,130.23,0.990000000000009,1.01416666666667
"866","SW-QD",131.22,2017-02-15,130.2,1.02000000000001,NA
"867","SW-QD",131.22,2017-03-15,130.04,1.18000000000001,NA
"868","SW-QD",131.22,2017-04-15,129.7,1.52000000000001,NA
"869","SW-QD",131.22,2017-05-15,129.4,1.81999999999999,NA
"870","SW-QD",131.22,2017-06-15,128.95,2.27000000000001,NA
"871","SW-QD",131.22,2017-07-15,130.1,1.12,NA
"872","SW-QD",131.22,2017-08-15,130.47,0.75,NA
"873","SW-QD",131.22,2017-09-15,131.23,-0.00999999999999091,NA
"874","SW-QD",131.22,2017-10-15,130.88,0.340000000000003,NA
"875","SW-QD",131.22,2017-11-15,130.68,0.539999999999992,NA
"876","SW-QD",131.22,2017-12-15,130.59,0.629999999999995,NA
