"","EMT_ID","ERE88","DATE","Value","theta"
"1","SF-YK",101.689,2003-08-15,101.128333333333,0.560666666666663
"2","SF-YK",101.689,2003-09-15,100.724333333333,0.964666666666659
"3","SF-YK",101.689,2003-10-15,100.314838709677,1.37416129032258
"4","SF-YK",101.689,2003-11-15,99.8403333333333,1.84866666666666
"5","SF-YK",101.689,2003-12-15,99.7222580645161,1.96674193548387
"6","SF-YK",101.689,2004-01-15,99.6122580645161,2.07674193548387
"7","SF-YK",101.689,2004-02-15,99.9031034482759,1.78589655172414
"8","SF-YK",101.689,2004-03-15,100.040967741935,1.6480322580645
"9","SF-YK",101.689,2004-04-15,99.5433333333333,2.14566666666666
"10","SF-YK",101.689,2004-05-15,99.2612903225806,2.42770967741934
"11","SF-YK",101.689,2004-06-15,99.2826666666667,2.40633333333332
"12","SF-YK",101.689,2004-07-15,99.2406451612903,2.44835483870968
"13","SF-YK",101.689,2004-08-15,100.361290322581,1.32770967741935
"14","SF-YK",101.689,2004-09-15,101.273333333333,0.415666666666667
"15","SF-YK",101.689,2004-10-15,101.220967741935,0.468032258064511
"16","SF-YK",101.689,2004-11-15,100.563666666667,1.12533333333333
"17","SF-YK",101.689,2004-12-15,100.196129032258,1.49287096774194
"18","SF-YK",101.689,2005-01-15,100.203870967742,1.48512903225806
"19","SF-YK",101.689,2005-02-15,99.9821428571429,1.70685714285713
"20","SF-YK",101.689,2005-03-15,100.194193548387,1.4948064516129
"21","SF-YK",101.689,2005-04-15,99.9536666666667,1.73533333333333
"22","SF-YK",101.689,2005-05-15,99.6038709677419,2.08512903225805
"23","SF-YK",101.689,2005-06-15,100.469333333333,1.21966666666665
"24","SF-YK",101.689,2005-07-15,100.779032258065,0.909967741935475
"25","SF-YK",101.689,2005-08-15,100.491935483871,1.19706451612903
"26","SF-YK",101.689,2005-09-15,100.412333333333,1.27666666666666
"27","SF-YK",101.689,2005-10-15,100.340967741935,1.34803225806451
"28","SF-YK",101.689,2005-11-15,100.254333333333,1.43466666666666
"29","SF-YK",101.689,2005-12-15,100.185161290323,1.50383870967741
"30","SJ-LI",42.01,2006-01-15,41.4521428571429,0.557857142857145
"31","SJ-AJ",52.32,2006-01-15,47.9129032258065,4.40709677419355
"32","SW-LF",71.23,2006-01-15,68.9396666666667,2.29033333333334
"33","SJ-LH",86.45,2006-01-15,80.6341935483871,5.81580645161291
"34","SF-YK",101.689,2006-01-15,99.8948387096774,1.79416129032258
"35","SW-QD",131.22,2006-01-15,130.6,0.620000000000005
"36","SJ-LI",42.01,2006-02-15,40.7225,1.2875
"37","SJ-AJ",52.32,2006-02-15,47.9042857142857,4.41571428571429
"38","SW-LF",71.23,2006-02-15,69.653,1.57700000000001
"39","SJ-LH",86.45,2006-02-15,80.7239285714286,5.72607142857144
"40","SF-YK",101.689,2006-02-15,99.8225,1.86649999999999
"41","SW-QD",131.22,2006-02-15,130.69,0.530000000000001
"42","SJ-LI",42.01,2006-03-15,40.0475,1.9625
"43","SJ-AJ",52.32,2006-03-15,47.6809677419355,4.63903225806452
"44","SW-LF",71.23,2006-03-15,68.558,2.67200000000001
"45","SJ-LH",86.45,2006-03-15,80.4177419354839,6.03225806451614
"46","SF-YK",101.689,2006-03-15,99.3216129032258,2.36738709677418
"47","SW-QD",131.22,2006-03-15,130.48,0.740000000000009
"48","SJ-LI",42.01,2006-04-15,39.4133333333333,2.59666666666666
"49","SJ-AJ",52.32,2006-04-15,46.9593333333333,5.36066666666667
"50","SW-LF",71.23,2006-04-15,67.883,3.34700000000001
"51","SJ-LH",86.45,2006-04-15,80.0763333333333,6.37366666666668
"52","SF-YK",101.689,2006-04-15,98.732,2.95699999999999
"53","SW-QD",131.22,2006-04-15,130,1.22
"54","SJ-LI",42.01,2006-05-15,36.74,5.27
"55","SJ-AJ",52.32,2006-05-15,46.0748387096774,6.24516129032258
"56","SW-LF",71.23,2006-05-15,66.008,5.22199999999999
"57","SJ-LH",86.45,2006-05-15,79.7445161290322,6.70548387096775
"58","SF-YK",101.689,2006-05-15,98.1629032258064,3.52609677419355
"59","SW-QD",131.22,2006-05-15,129.42,1.80000000000001
"60","SJ-LI",42.01,2006-06-15,38.6035294117647,3.40647058823529
"61","SJ-AJ",52.32,2006-06-15,45.821,6.499
"62","SW-LF",71.23,2006-06-15,NA,NA
"63","SJ-LH",86.45,2006-06-15,80.0803333333333,6.36966666666667
"64","SF-YK",101.689,2006-06-15,98.7013333333333,2.98766666666666
"65","SW-QD",131.22,2006-06-15,128.92,2.30000000000001
"66","SJ-LI",42.01,2006-07-15,38.3812903225806,3.62870967741936
"67","SJ-AJ",52.32,2006-07-15,47.0690322580645,5.25096774193548
"68","SW-LF",71.23,2006-07-15,65.228,6.002
"69","SJ-LH",86.45,2006-07-15,80.7725806451613,5.67741935483872
"70","SF-YK",101.689,2006-07-15,99.5416129032258,2.14738709677418
"71","SW-QD",131.22,2006-07-15,129.51,1.71000000000001
"72","SJ-LI",42.01,2006-08-15,37.998064516129,4.01193548387097
"73","SJ-AJ",52.32,2006-08-15,47.5406451612903,4.77935483870968
"74","SW-LF",71.23,2006-08-15,64.9196666666667,6.31033333333333
"75","SJ-LH",86.45,2006-08-15,80.6832258064516,5.7667741935484
"76","SF-YK",101.689,2006-08-15,99.1722580645161,2.51674193548386
"77","SW-QD",131.22,2006-08-15,129.98,1.24000000000001
"78","SJ-LI",42.01,2006-09-15,37.9676666666667,4.04233333333333
"79","SJ-AJ",52.32,2006-09-15,47.94875,4.37125
"80","SW-LF",71.23,2006-09-15,69.528,1.70200000000001
"81","SJ-LH",86.45,2006-09-15,80.8266666666667,5.62333333333335
"82","SF-YK",101.689,2006-09-15,99.6346666666667,2.05433333333333
"83","SW-QD",131.22,2006-09-15,130.69,0.530000000000001
"84","SJ-LI",42.01,2006-10-15,37.41,4.6
"85","SJ-AJ",52.32,2006-10-15,47.9248387096774,4.39516129032258
"86","SW-LF",71.23,2006-10-15,65.768,5.462
"87","SJ-LH",86.45,2006-10-15,80.8216129032258,5.6283870967742
"88","SF-YK",101.689,2006-10-15,98.9938709677419,2.69512903225805
"89","SW-QD",131.22,2006-10-15,130.51,0.710000000000008
"90","SJ-LI",42.01,2006-11-15,37.1933333333333,4.81666666666667
"91","SJ-AJ",52.32,2006-11-15,47.8133333333333,4.50666666666667
"92","SW-LF",71.23,2006-11-15,65.423,5.807
"93","SJ-LH",86.45,2006-11-15,80.8533333333333,5.59666666666668
"94","SF-YK",101.689,2006-11-15,98.722,2.967
"95","SW-QD",131.22,2006-11-15,130.15,1.06999999999999
"96","SJ-LI",42.01,2006-12-15,37.2354838709677,4.77451612903226
"97","SJ-AJ",52.32,2006-12-15,47.9806451612903,4.33935483870967
"98","SW-LF",71.23,2006-12-15,65.153,6.07700000000001
"99","SJ-LH",86.45,2006-12-15,80.9790322580645,5.4709677419355
"100","SF-YK",101.689,2006-12-15,98.9287096774193,2.76029032258064
"101","SW-QD",131.22,2006-12-15,130.03,1.19
"102","SJ-LI",42.01,2007-01-15,37.8835483870968,4.12645161290322
"103","SJ-AJ",52.32,2007-01-15,48.1774193548387,4.14258064516129
"104","SW-LF",71.23,2007-01-15,65.843,5.387
"105","SJ-LH",86.45,2007-01-15,81,5.45
"106","SF-YK",101.689,2007-01-15,99.17,2.51899999999999
"107","SW-QD",131.22,2007-01-15,130.29,0.930000000000007
"108","SJ-LI",42.01,2007-02-15,37.5125,4.4975
"109","SJ-AJ",52.32,2007-02-15,48.0321428571429,4.28785714285714
"110","SW-LF",71.23,2007-02-15,74.043,-2.813
"111","SJ-LH",86.45,2007-02-15,80.9842857142857,5.4657142857143
"112","SF-YK",101.689,2007-02-15,99.0260714285714,2.66292857142857
"113","SW-QD",131.22,2007-02-15,130.4,0.819999999999993
"114","SJ-LI",42.01,2007-03-15,36.828064516129,5.18193548387097
"115","SJ-AJ",52.32,2007-03-15,47.5874193548387,4.73258064516129
"116","SW-LF",71.23,2007-03-15,74.948,-3.718
"117","SJ-LH",86.45,2007-03-15,80.6732258064516,5.77677419354839
"118","SF-YK",101.689,2007-03-15,98.5038709677419,3.18512903225806
"119","SW-QD",131.22,2007-03-15,130.36,0.859999999999985
"120","SJ-LI",42.01,2007-04-15,36.0323333333333,5.97766666666667
"121","SJ-AJ",52.32,2007-04-15,46.7903333333333,5.52966666666666
"122","SW-LF",71.23,2007-04-15,63.883,7.34700000000001
"123","SJ-LH",86.45,2007-04-15,80.3563333333333,6.09366666666668
"124","SF-YK",101.689,2007-04-15,98.0533333333333,3.63566666666667
"125","SW-QD",131.22,2007-04-15,130.15,1.06999999999999
"126","SJ-LI",42.01,2007-05-15,35.2525806451613,6.75741935483871
"127","SJ-AJ",52.32,2007-05-15,45.9254838709677,6.39451612903226
"128","SW-LF",71.23,2007-05-15,63.963,7.267
"129","SJ-LH",86.45,2007-05-15,80.0351612903226,6.41483870967743
"130","SF-YK",101.689,2007-05-15,97.338064516129,4.35093548387096
"131","SW-QD",131.22,2007-05-15,129.77,1.44999999999999
"132","SJ-LI",42.01,2007-06-15,35.772,6.238
"133","SJ-AJ",52.32,2007-06-15,45.7473333333333,6.57266666666667
"134","SW-LF",71.23,2007-06-15,63.133,8.09700000000001
"135","SJ-LH",86.45,2007-06-15,80.3986666666667,6.05133333333335
"136","SF-YK",101.689,2007-06-15,97.34,4.34899999999999
"137","SW-QD",131.22,2007-06-15,129.26,1.96000000000001
"138","SJ-LI",42.01,2007-07-15,36.6332258064516,5.37677419354839
"139","SJ-AJ",52.32,2007-07-15,47.2090322580645,5.11096774193548
"140","SW-LF",71.23,2007-07-15,63.2963333333333,7.93366666666667
"141","SJ-LH",86.45,2007-07-15,80.8541935483871,5.59580645161292
"142","SF-YK",101.689,2007-07-15,98.191935483871,3.49706451612903
"143","SW-QD",131.22,2007-07-15,129.39,1.83000000000001
"144","SJ-LI",42.01,2007-08-15,36.8383870967742,5.17161290322581
"145","SJ-AJ",52.32,2007-08-15,48.0822580645161,4.23774193548387
"146","SW-LF",71.23,2007-08-15,66.023,5.20700000000001
"147","SJ-LH",86.45,2007-08-15,81.098064516129,5.35193548387097
"148","SF-YK",101.689,2007-08-15,98.6809677419355,3.0080322580645
"149","SW-QD",131.22,2007-08-15,129.39,1.83000000000001
"150","SJ-LI",42.01,2007-09-15,37.165,4.845
"151","SJ-AJ",52.32,2007-09-15,48.1476666666667,4.17233333333333
"152","SW-LF",71.23,2007-09-15,64.303,6.92700000000001
"153","SJ-LH",86.45,2007-09-15,81.2933333333333,5.15666666666668
"154","SF-YK",101.689,2007-09-15,99.6146666666667,2.07433333333333
"155","SW-QD",131.22,2007-09-15,129.29,1.93000000000001
"156","SJ-LI",42.01,2007-10-15,37.7425806451613,4.26741935483872
"157","SJ-AJ",52.32,2007-10-15,48.5193548387097,3.80064516129033
"158","SW-LF",71.23,2007-10-15,64.598,6.63200000000001
"159","SJ-LH",86.45,2007-10-15,81.5690322580645,4.88096774193549
"160","SF-YK",101.689,2007-10-15,99.5270967741936,2.16190322580644
"161","SW-QD",131.22,2007-10-15,129.58,1.63999999999999
"162","SJ-LI",42.01,2007-11-15,37.157,4.853
"163","SJ-AJ",52.32,2007-11-15,48.3756666666667,3.94433333333333
"164","SW-LF",71.23,2007-11-15,63.688,7.542
"165","SJ-LH",86.45,2007-11-15,81.2886666666667,5.16133333333335
"166","SF-YK",101.689,2007-11-15,99.1303333333333,2.55866666666665
"167","SW-QD",131.22,2007-11-15,129.49,1.72999999999999
"168","SJ-LI",42.01,2007-12-15,36.9783870967742,5.03161290322581
"169","SJ-AJ",52.32,2007-12-15,48.2454838709677,4.07451612903226
"170","SW-LF",71.23,2007-12-15,63.378,7.852
"171","SJ-LH",86.45,2007-12-15,81.1212903225806,5.32870967741937
"172","SF-YK",101.689,2007-12-15,98.6277419354839,3.06125806451612
"173","SW-QD",131.22,2007-12-15,129.05,2.16999999999999
"174","SJ-LI",42.01,2008-01-15,37.3596774193548,4.65032258064516
"175","SJ-AJ",52.32,2008-01-15,48.3406451612903,3.97935483870967
"176","SW-LF",71.23,2008-01-15,63.853,7.377
"177","SJ-LH",86.45,2008-01-15,81.1503225806452,5.29967741935485
"178","SF-YK",101.689,2008-01-15,98.8541935483871,2.83480645161289
"179","SW-QD",131.22,2008-01-15,128.86,2.35999999999999
"180","SJ-LI",42.01,2008-02-15,37.3827586206896,4.62724137931035
"181","SJ-AJ",52.32,2008-02-15,48.1951724137931,4.1248275862069
"182","SW-LF",71.23,2008-02-15,63.073,8.15700000000001
"183","SJ-LH",86.45,2008-02-15,81.1627586206896,5.28724137931036
"184","SF-YK",101.689,2008-02-15,98.9848275862069,2.7041724137931
"185","SW-QD",131.22,2008-02-15,128.84,2.38
"186","SJ-LI",42.01,2008-03-15,37.7532258064516,4.25677419354839
"187","SJ-AJ",52.32,2008-03-15,48.3616129032258,3.9583870967742
"188","SW-LF",71.23,2008-03-15,63.213,8.01700000000001
"189","SJ-LH",86.45,2008-03-15,81.2522580645161,5.19774193548388
"190","SF-YK",101.689,2008-03-15,99.1467741935484,2.54222580645161
"191","SW-QD",131.22,2008-03-15,NA,NA
"192","SJ-LI",42.01,2008-04-15,37.1816666666667,4.82833333333333
"193","SJ-AJ",52.32,2008-04-15,48.088,4.232
"194","SW-LF",71.23,2008-04-15,65.908,5.32200000000002
"195","SJ-LH",86.45,2008-04-15,81.226,5.224
"196","SF-YK",101.689,2008-04-15,99.142,2.547
"197","SW-QD",131.22,2008-04-15,NA,NA
"198","SJ-LI",42.01,2008-05-15,35.8774193548387,6.13258064516129
"199","SJ-AJ",52.32,2008-05-15,47.098064516129,5.22193548387096
"200","SW-LF",71.23,2008-05-15,63.653,7.577
"201","SJ-LH",86.45,2008-05-15,80.6941935483871,5.75580645161291
"202","SF-YK",101.689,2008-05-15,98.22,3.46899999999999
"203","SW-QD",131.22,2008-05-15,128.24,2.97999999999999
"204","SJ-LI",42.01,2008-06-15,35.101,6.909
"205","SJ-AJ",52.32,2008-06-15,46.7893333333333,5.53066666666667
"206","SW-LF",71.23,2008-06-15,63.2663333333333,7.96366666666667
"207","SJ-LH",86.45,2008-06-15,80.844,5.60600000000001
"208","SF-YK",101.689,2008-06-15,98.289,3.39999999999999
"209","SW-QD",131.22,2008-06-15,128,3.22
"210","SJ-LI",42.01,2008-07-15,36.63,5.38
"211","SJ-AJ",52.32,2008-07-15,47.5987096774194,4.72129032258064
"212","SW-LF",71.23,2008-07-15,65.928,5.30200000000001
"213","SJ-LH",86.45,2008-07-15,81.4212903225806,5.02870967741936
"214","SF-YK",101.689,2008-07-15,98.8367741935484,2.8522258064516
"215","SW-QD",131.22,2008-07-15,128.12,3.09999999999999
"216","SJ-LI",42.01,2008-08-15,38.8290322580645,3.18096774193548
"217","SJ-AJ",52.32,2008-08-15,48.9112903225806,3.40870967741935
"218","SW-LF",71.23,2008-08-15,67.018,4.212
"219","SJ-LH",86.45,2008-08-15,82.3516129032258,4.0983870967742
"220","SF-YK",101.689,2008-08-15,99.5170967741935,2.17190322580645
"221","SW-QD",131.22,2008-08-15,129.37,1.84999999999999
"222","SJ-LI",42.01,2008-09-15,40.7973333333333,1.21266666666667
"223","SJ-AJ",52.32,2008-09-15,49.01,3.31
"224","SW-LF",71.23,2008-09-15,65.333,5.89700000000001
"225","SJ-LH",86.45,2008-09-15,82.8183333333333,3.63166666666667
"226","SF-YK",101.689,2008-09-15,100.160333333333,1.52866666666667
"227","SW-QD",131.22,2008-09-15,129.83,1.38999999999999
"228","SJ-LI",42.01,2008-10-15,40.7583870967742,1.2516129032258
"229","SJ-AJ",52.32,2008-10-15,48.8574193548387,3.46258064516129
"230","SW-LF",71.23,2008-10-15,64.248,6.982
"231","SJ-LH",86.45,2008-10-15,82.1812903225806,4.26870967741937
"232","SF-YK",101.689,2008-10-15,99.7938709677419,1.89512903225805
"233","SW-QD",131.22,2008-10-15,130.29,0.930000000000007
"234","SJ-LI",42.01,2008-11-15,40.4496666666667,1.56033333333333
"235","SJ-AJ",52.32,2008-11-15,48.494,3.826
"236","SW-LF",71.23,2008-11-15,63.748,7.482
"237","SJ-LH",86.45,2008-11-15,81.541,4.90900000000001
"238","SF-YK",101.689,2008-11-15,99.3656666666667,2.32333333333332
"239","SW-QD",131.22,2008-11-15,129.91,1.31
"240","SJ-LI",42.01,2008-12-15,40.2390322580645,1.77096774193549
"241","SJ-AJ",52.32,2008-12-15,48.4609677419355,3.85903225806452
"242","SW-LF",71.23,2008-12-15,63.6996666666667,7.53033333333334
"243","SJ-LH",86.45,2008-12-15,81.3945161290323,5.05548387096775
"244","SF-YK",101.689,2008-12-15,99.1583870967742,2.5306129032258
"245","SW-QD",131.22,2008-12-15,129.67,1.55000000000001
"246","SJ-LI",42.01,2009-01-15,39.9735483870968,2.03645161290323
"247","SJ-AJ",52.32,2009-01-15,48.3329032258065,3.98709677419355
"248","SW-LF",71.23,2009-01-15,63.253,7.977
"249","SJ-LH",86.45,2009-01-15,81.1748387096774,5.27516129032259
"250","SF-YK",101.689,2009-01-15,98.8261290322581,2.86287096774193
"251","SW-QD",131.22,2009-01-15,129.58,1.63999999999999
"252","SJ-LI",42.01,2009-02-15,39.7410714285714,2.26892857142857
"253","SJ-AJ",52.32,2009-02-15,48.3060714285714,4.01392857142857
"254","SW-LF",71.23,2009-02-15,63.503,7.727
"255","SJ-LH",86.45,2009-02-15,81.2982142857143,5.15178571428572
"256","SF-YK",101.689,2009-02-15,98.9621428571429,2.72685714285714
"257","SW-QD",131.22,2009-02-15,129.34,1.88
"258","SJ-LI",42.01,2009-03-15,39.1935483870968,2.81645161290323
"259","SJ-AJ",52.32,2009-03-15,48.0541935483871,4.2658064516129
"260","SW-LF",71.23,2009-03-15,62.973,8.25700000000001
"261","SJ-LH",86.45,2009-03-15,80.9422580645161,5.50774193548388
"262","SF-YK",101.689,2009-03-15,98.3316129032258,3.35738709677419
"263","SW-QD",131.22,2009-03-15,128.73,2.49000000000001
"264","SJ-LI",42.01,2009-04-15,38.6713333333333,3.33866666666667
"265","SJ-AJ",52.32,2009-04-15,47.5944827586207,4.72551724137931
"266","SW-LF",71.23,2009-04-15,62.488,8.742
"267","SJ-LH",86.45,2009-04-15,80.6403333333333,5.80966666666667
"268","SF-YK",101.689,2009-04-15,97.8893333333333,3.79966666666665
"269","SW-QD",131.22,2009-04-15,128.53,2.69
"270","SJ-LI",42.01,2009-05-15,39.1967741935484,2.81322580645161
"271","SJ-AJ",52.32,2009-05-15,47.6258064516129,4.6941935483871
"272","SW-LF",71.23,2009-05-15,62.253,8.977
"273","SJ-LH",86.45,2009-05-15,80.9874193548387,5.4625806451613
"274","SF-YK",101.689,2009-05-15,98.4916129032258,3.19738709677419
"275","SW-QD",131.22,2009-05-15,127.93,3.28999999999999
"276","SJ-LI",42.01,2009-06-15,41.1173333333333,0.89266666666667
"277","SJ-AJ",52.32,2009-06-15,48.8216666666667,3.49833333333333
"278","SW-LF",71.23,2009-06-15,63.9663333333333,7.26366666666667
"279","SJ-LH",86.45,2009-06-15,81.9766666666667,4.47333333333334
"280","SF-YK",101.689,2009-06-15,100.355666666667,1.33333333333333
"281","SW-QD",131.22,2009-06-15,128.87,2.34999999999999
"282","SJ-LI",42.01,2009-07-15,41.1109677419355,0.899032258064516
"283","SJ-AJ",52.32,2009-07-15,48.7338709677419,3.58612903225806
"284","SW-LF",71.23,2009-07-15,66.818,4.41200000000001
"285","SJ-LH",86.45,2009-07-15,81.7535483870968,4.69645161290323
"286","SF-YK",101.689,2009-07-15,100.475806451613,1.2131935483871
"287","SW-QD",131.22,2009-07-15,129.03,2.19
"288","SJ-LI",42.01,2009-08-15,41.7483870967742,0.26161290322581
"289","SJ-AJ",52.32,2009-08-15,48.9693548387097,3.35064516129032
"290","SW-LF",71.23,2009-08-15,64.503,6.727
"291","SJ-LH",86.45,2009-08-15,81.7354838709677,4.71451612903226
"292","SF-YK",101.689,2009-08-15,100.676774193548,1.01222580645161
"293","SW-QD",131.22,2009-08-15,129.33,1.88999999999999
"294","SJ-LI",42.01,2009-09-15,41.4166666666667,0.593333333333334
"295","SJ-AJ",52.32,2009-09-15,48.5873333333333,3.73266666666667
"296","SW-LF",71.23,2009-09-15,64.868,6.36200000000001
"297","SJ-LH",86.45,2009-09-15,81.7596666666667,4.69033333333334
"298","SF-YK",101.689,2009-09-15,100.423333333333,1.26566666666666
"299","SW-QD",131.22,2009-09-15,130.41,0.810000000000002
"300","SJ-LI",42.01,2009-10-15,40.8090322580645,1.20096774193549
"301","SJ-AJ",52.32,2009-10-15,48.2809677419355,4.03903225806452
"302","SW-LF",71.23,2009-10-15,65.518,5.712
"303","SJ-LH",86.45,2009-10-15,81.5016129032258,4.9483870967742
"304","SF-YK",101.689,2009-10-15,99.888064516129,1.80093548387096
"305","SW-QD",131.22,2009-10-15,130.31,0.909999999999997
"306","SJ-LI",42.01,2009-11-15,39.7966666666667,2.21333333333334
"307","SJ-AJ",52.32,2009-11-15,48.141,4.179
"308","SW-LF",71.23,2009-11-15,64.4163333333333,6.81366666666666
"309","SJ-LH",86.45,2009-11-15,81.1383333333333,5.31166666666668
"310","SF-YK",101.689,2009-11-15,99.4146666666667,2.27433333333333
"311","SW-QD",131.22,2009-11-15,130.06,1.16
"312","SJ-LI",42.01,2009-12-15,39.8848387096774,2.12516129032258
"313","SJ-AJ",52.32,2009-12-15,48.4683870967742,3.85161290322581
"314","SW-LF",71.23,2009-12-15,65.888,5.342
"315","SJ-LH",86.45,2009-12-15,81.5025806451613,4.94741935483871
"316","SF-YK",101.689,2009-12-15,99.7564516129032,1.93254838709677
"317","SW-QD",131.22,2009-12-15,130.4,0.819999999999993
"318","SJ-LI",42.01,2010-01-15,39.9016129032258,2.10838709677419
"319","SJ-AJ",52.32,2010-01-15,48.3661290322581,3.95387096774193
"320","SW-LF",71.23,2010-01-15,66.388,4.842
"321","SJ-LH",86.45,2010-01-15,81.5277419354839,4.92225806451614
"322","SF-YK",101.689,2010-01-15,99.8822580645161,1.80674193548387
"323","SW-QD",131.22,2010-01-15,130.34,0.879999999999995
"324","SJ-LI",42.01,2010-02-15,40.0807142857143,1.92928571428572
"325","SJ-AJ",52.32,2010-02-15,48.5296428571429,3.79035714285715
"326","SW-LF",71.23,2010-02-15,66.778,4.45200000000001
"327","SJ-LH",86.45,2010-02-15,81.6996428571428,4.75035714285715
"328","SF-YK",101.689,2010-02-15,100.166785714286,1.52221428571428
"329","SW-QD",131.22,2010-02-15,130.54,0.680000000000007
"330","SJ-LI",42.01,2010-03-15,40.5609677419355,1.44903225806452
"331","SJ-AJ",52.32,2010-03-15,48.788064516129,3.53193548387097
"332","SW-LF",71.23,2010-03-15,67.283,3.94700000000002
"333","SJ-LH",86.45,2010-03-15,81.8735483870968,4.57645161290323
"334","SF-YK",101.689,2010-03-15,100.392258064516,1.29674193548387
"335","SW-QD",131.22,2010-03-15,130.49,0.72999999999999
"336","SJ-LI",42.01,2010-04-15,40.44,1.57
"337","SJ-AJ",52.32,2010-04-15,48.6766666666667,3.64333333333333
"338","SW-LF",71.23,2010-04-15,68.228,3.002
"339","SJ-LH",86.45,2010-04-15,81.8276666666667,4.62233333333334
"340","SF-YK",101.689,2010-04-15,100.477142857143,1.21185714285714
"341","SW-QD",131.22,2010-04-15,130.75,0.469999999999999
"342","SJ-LI",42.01,2010-05-15,40.388064516129,1.62193548387097
"343","SJ-AJ",52.32,2010-05-15,48.4003225806452,3.91967741935484
"344","SW-LF",71.23,2010-05-15,68.033,3.197
"345","SJ-LH",86.45,2010-05-15,81.6177419354839,4.83225806451614
"346","SF-YK",101.689,2010-05-15,NA,NA
"347","SW-QD",131.22,2010-05-15,130.38,0.840000000000003
"348","SJ-LI",42.01,2010-06-15,40.201,1.809
"349","SJ-AJ",52.32,2010-06-15,48.3883333333333,3.93166666666666
"350","SW-LF",71.23,2010-06-15,67.3763333333333,3.85366666666667
"351","SJ-LH",86.45,2010-06-15,81.7093333333333,4.74066666666667
"352","SF-YK",101.689,2010-06-15,NA,NA
"353","SW-QD",131.22,2010-06-15,130.04,1.18000000000001
"354","SJ-LI",42.01,2010-07-15,40.7123076923077,1.29769230769231
"355","SJ-AJ",52.32,2010-07-15,48.261935483871,4.05806451612904
"356","SW-LF",71.23,2010-07-15,67.933,3.29700000000001
"357","SJ-LH",86.45,2010-07-15,81.8522580645161,4.59774193548388
"358","SF-YK",101.689,2010-07-15,99.9653333333333,1.72366666666666
"359","SW-QD",131.22,2010-07-15,130.52,0.699999999999989
"360","SJ-LI",42.01,2010-08-15,40.3103571428571,1.69964285714286
"361","SJ-AJ",52.32,2010-08-15,48.3706451612903,3.94935483870968
"362","SW-LF",71.23,2010-08-15,68.203,3.027
"363","SJ-LH",86.45,2010-08-15,81.9529032258065,4.49709677419355
"364","SF-YK",101.689,2010-08-15,99.7351612903226,1.95383870967741
"365","SW-QD",131.22,2010-08-15,NA,NA
"366","SJ-LI",42.01,2010-09-15,40.2723333333333,1.73766666666667
"367","SJ-AJ",52.32,2010-09-15,48.3503333333333,3.96966666666667
"368","SW-LF",71.23,2010-09-15,68.718,2.51200000000001
"369","SJ-LH",86.45,2010-09-15,81.8976666666667,4.55233333333334
"370","SF-YK",101.689,2010-09-15,99.8726666666667,1.81633333333332
"371","SW-QD",131.22,2010-09-15,130.86,0.359999999999985
"372","SJ-LI",42.01,2010-10-15,39.6964516129032,2.31354838709677
"373","SJ-AJ",52.32,2010-10-15,48.1448387096774,4.17516129032258
"374","SW-LF",71.23,2010-10-15,NA,NA
"375","SJ-LH",86.45,2010-10-15,81.668064516129,4.78193548387098
"376","SF-YK",101.689,2010-10-15,99.3251612903226,2.36383870967741
"377","SW-QD",131.22,2010-10-15,130.45,0.77000000000001
"378","SJ-LI",42.01,2010-11-15,39.3103333333333,2.69966666666667
"379","SJ-AJ",52.32,2010-11-15,47.8906666666667,4.42933333333333
"380","SW-LF",71.23,2010-11-15,NA,NA
"381","SJ-LH",86.45,2010-11-15,81.4643333333333,4.98566666666667
"382","SF-YK",101.689,2010-11-15,98.9646666666667,2.72433333333333
"383","SW-QD",131.22,2010-11-15,130.54,0.680000000000007
"384","SJ-LI",42.01,2010-12-15,38.7941935483871,3.21580645161291
"385","SJ-AJ",52.32,2010-12-15,47.6841935483871,4.6358064516129
"386","SW-LF",71.23,2010-12-15,66.063,5.16700000000002
"387","SJ-LH",86.45,2010-12-15,81.2506451612903,5.19935483870968
"388","SF-YK",101.689,2010-12-15,98.7216666666667,2.96733333333333
"389","SW-QD",131.22,2010-12-15,129.8,1.41999999999999
"390","SJ-LI",42.01,2011-01-15,39.0235483870968,2.98645161290322
"391","SJ-AJ",52.32,2011-01-15,47.8658064516129,4.4541935483871
"392","SW-LF",71.23,2011-01-15,66.638,4.592
"393","SJ-LH",86.45,2011-01-15,81.4087096774194,5.04129032258065
"394","SF-YK",101.689,2011-01-15,98.73,2.95899999999999
"395","SW-QD",131.22,2011-01-15,130.3,0.919999999999987
"396","SJ-LI",42.01,2011-02-15,38.805,3.205
"397","SJ-AJ",52.32,2011-02-15,48.1817857142857,4.13821428571428
"398","SW-LF",71.23,2011-02-15,67.508,3.72199999999999
"399","SJ-LH",86.45,2011-02-15,81.6435714285714,4.80642857142858
"400","SF-YK",101.689,2011-02-15,99.0325,2.65649999999999
"401","SW-QD",131.22,2011-02-15,130.3,0.919999999999987
"402","SJ-LI",42.01,2011-03-15,38.3703225806452,3.63967741935484
"403","SJ-AJ",52.32,2011-03-15,47.968064516129,4.35193548387097
"404","SW-LF",71.23,2011-03-15,66.704,4.52600000000001
"405","SJ-LH",86.45,2011-03-15,81.4332258064516,5.0167741935484
"406","SF-YK",101.689,2011-03-15,98.8522580645161,2.83674193548386
"407","SW-QD",131.22,2011-03-15,130.33,0.889999999999986
"408","SJ-LI",42.01,2011-04-15,39.093,2.917
"409","SJ-AJ",52.32,2011-04-15,48.2423333333333,4.07766666666667
"410","SW-LF",71.23,2011-04-15,69.6265,1.60350000000001
"411","SJ-LH",86.45,2011-04-15,81.8323333333333,4.61766666666668
"412","SF-YK",101.689,2011-04-15,99.4246666666667,2.26433333333333
"413","SW-QD",131.22,2011-04-15,130.67,0.550000000000011
"414","SJ-LI",42.01,2011-05-15,37.7829032258065,4.22709677419355
"415","SJ-AJ",52.32,2011-05-15,47.3577419354839,4.96225806451613
"416","SW-LF",71.23,2011-05-15,68.4965,2.73350000000001
"417","SJ-LH",86.45,2011-05-15,81.0883333333333,5.36166666666668
"418","SF-YK",101.689,2011-05-15,98.4125806451613,3.27641935483871
"419","SW-QD",131.22,2011-05-15,130.02,1.19999999999999
"420","SJ-LI",42.01,2011-06-15,37.1613333333333,4.84866666666667
"421","SJ-AJ",52.32,2011-06-15,47.0993333333333,5.22066666666667
"422","SW-LF",71.23,2011-06-15,65.704,5.52600000000001
"423","SJ-LH",86.45,2011-06-15,80.98,5.47000000000001
"424","SF-YK",101.689,2011-06-15,97.7863333333333,3.90266666666666
"425","SW-QD",131.22,2011-06-15,NA,NA
"426","SJ-LI",42.01,2011-07-15,37.7764516129032,4.23354838709677
"427","SJ-AJ",52.32,2011-07-15,48.491935483871,3.82806451612903
"428","SW-LF",71.23,2011-07-15,67.1115,4.1185
"429","SJ-LH",86.45,2011-07-15,81.988064516129,4.46193548387097
"430","SF-YK",101.689,2011-07-15,99.1822580645161,2.50674193548386
"431","SW-QD",131.22,2011-07-15,130.39,0.830000000000013
"432","SJ-LI",42.01,2011-08-15,37.9616129032258,4.04838709677419
"433","SJ-AJ",52.32,2011-08-15,48.3041935483871,4.0158064516129
"434","SW-LF",71.23,2011-08-15,68.574,2.65600000000001
"435","SJ-LH",86.45,2011-08-15,82.2477419354839,4.20225806451614
"436","SF-YK",101.689,2011-08-15,99.191935483871,2.49706451612903
"437","SW-QD",131.22,2011-08-15,130.61,0.609999999999985
"438","SJ-LI",42.01,2011-09-15,37.574,4.436
"439","SJ-AJ",52.32,2011-09-15,48.2843333333333,4.03566666666666
"440","SW-LF",71.23,2011-09-15,69.59,1.64
"441","SJ-LH",86.45,2011-09-15,82.1516666666667,4.29833333333335
"442","SF-YK",101.689,2011-09-15,99.5986666666667,2.09033333333332
"443","SW-QD",131.22,2011-09-15,130.92,0.300000000000011
"444","SJ-LI",42.01,2011-10-15,38.3748275862069,3.6351724137931
"445","SJ-AJ",52.32,2011-10-15,48.7609677419355,3.55903225806452
"446","SW-LF",71.23,2011-10-15,69.915,1.31500000000001
"447","SJ-LH",86.45,2011-10-15,82.681935483871,3.76806451612904
"448","SF-YK",101.689,2011-10-15,99.7870967741935,1.90190322580645
"449","SW-QD",131.22,2011-10-15,130.74,0.47999999999999
"450","SJ-LI",42.01,2011-11-15,37.9886666666667,4.02133333333333
"451","SJ-AJ",52.32,2011-11-15,48.372,3.948
"452","SW-LF",71.23,2011-11-15,69.19,2.04000000000001
"453","SJ-LH",86.45,2011-11-15,82.053,4.39700000000001
"454","SF-YK",101.689,2011-11-15,99.478,2.211
"455","SW-QD",131.22,2011-11-15,130.7,0.52000000000001
"456","SJ-LI",42.01,2011-12-15,37.46,4.55
"457","SJ-AJ",52.32,2011-12-15,48.1706451612903,4.14935483870968
"458","SW-LF",71.23,2011-12-15,68.455,2.77499999999999
"459","SJ-LH",86.45,2011-12-15,81.71,4.74000000000001
"460","SF-YK",101.689,2011-12-15,99.031935483871,2.65706451612903
"461","SW-QD",131.22,2011-12-15,131.59,-0.370000000000005
"462","SJ-LI",42.01,2012-01-15,36.9292857142857,5.08071428571429
"463","SJ-AJ",52.32,2012-01-15,47.9835483870968,4.33645161290323
"464","SW-LF",71.23,2012-01-15,67.675,3.55500000000001
"465","SJ-LH",86.45,2012-01-15,81.4883870967742,4.96161290322581
"466","SF-YK",101.689,2012-01-15,98.5648387096774,3.12416129032258
"467","SW-QD",131.22,2012-01-15,131.57,-0.349999999999994
"468","SJ-LI",42.01,2012-02-15,36.5093103448276,5.50068965517241
"469","SJ-AJ",52.32,2012-02-15,47.7837931034483,4.53620689655173
"470","SW-LF",71.23,2012-02-15,67.055,4.175
"471","SJ-LH",86.45,2012-02-15,81.4675862068965,4.98241379310346
"472","SF-YK",101.689,2012-02-15,98.2710344827586,3.41796551724137
"473","SW-QD",131.22,2012-02-15,130.16,1.06
"474","SJ-LI",42.01,2012-03-15,36.1777419354839,5.83225806451613
"475","SJ-AJ",52.32,2012-03-15,47.6183870967742,4.70161290322581
"476","SW-LF",71.23,2012-03-15,66.105,5.12500000000001
"477","SJ-LH",86.45,2012-03-15,81.3477419354839,5.10225806451614
"478","SF-YK",101.689,2012-03-15,98.1216666666667,3.56733333333332
"479","SW-QD",131.22,2012-03-15,130.04,1.18000000000001
"480","SJ-LI",42.01,2012-04-15,35.48,6.53
"481","SJ-AJ",52.32,2012-04-15,46.9862068965517,5.33379310344828
"482","SW-LF",71.23,2012-04-15,64.45,6.78000000000002
"483","SJ-LH",86.45,2012-04-15,80.8203448275862,5.62965517241381
"484","SF-YK",101.689,2012-04-15,97.2633333333333,4.42566666666666
"485","SW-QD",131.22,2012-04-15,NA,NA
"486","SJ-LI",42.01,2012-05-15,34.7541935483871,7.2558064516129
"487","SJ-AJ",52.32,2012-05-15,46.3254838709677,5.99451612903226
"488","SW-LF",71.23,2012-05-15,63.89,7.34
"489","SJ-LH",86.45,2012-05-15,80.5645161290323,5.88548387096775
"490","SF-YK",101.689,2012-05-15,97.2203225806452,4.46867741935483
"491","SW-QD",131.22,2012-05-15,129.06,2.16
"492","SJ-LI",42.01,2012-06-15,36.103,5.907
"493","SJ-AJ",52.32,2012-06-15,47.4663333333333,4.85366666666667
"494","SW-LF",71.23,2012-06-15,65.86,5.37
"495","SJ-LH",86.45,2012-06-15,81.6496666666667,4.80033333333334
"496","SF-YK",101.689,2012-06-15,99.0733333333333,2.61566666666666
"497","SW-QD",131.22,2012-06-15,129.24,1.97999999999999
"498","SJ-LI",42.01,2012-07-15,36.9909677419355,5.01903225806451
"499","SJ-AJ",52.32,2012-07-15,48.31,4.01
"500","SW-LF",71.23,2012-07-15,69.95,1.28000000000002
"501","SJ-LH",86.45,2012-07-15,82.1561290322581,4.29387096774194
"502","SF-YK",101.689,2012-07-15,99.6951612903226,1.99383870967741
"503","SW-QD",131.22,2012-07-15,130.64,0.580000000000013
"504","SJ-LI",42.01,2012-08-15,37.0167741935484,4.99322580645161
"505","SJ-AJ",52.32,2012-08-15,48.7641935483871,3.5558064516129
"506","SW-LF",71.23,2012-08-15,70.385,0.845000000000013
"507","SJ-LH",86.45,2012-08-15,82.368064516129,4.08193548387098
"508","SF-YK",101.689,2012-08-15,99.9487096774194,1.74029032258063
"509","SW-QD",131.22,2012-08-15,130.52,0.699999999999989
"510","SJ-LI",42.01,2012-09-15,37.637,4.373
"511","SJ-AJ",52.32,2012-09-15,48.9356666666667,3.38433333333333
"512","SW-LF",71.23,2012-09-15,70.85,0.38000000000001
"513","SJ-LH",86.45,2012-09-15,82.3006666666667,4.14933333333335
"514","SF-YK",101.689,2012-09-15,100.230333333333,1.45866666666666
"515","SW-QD",131.22,2012-09-15,130.9,0.319999999999993
"516","SJ-LI",42.01,2012-10-15,37.471935483871,4.53806451612903
"517","SJ-AJ",52.32,2012-10-15,48.6067741935484,3.71322580645161
"518","SW-LF",71.23,2012-10-15,70.775,0.454999999999998
"519","SJ-LH",86.45,2012-10-15,82.3109677419355,4.13903225806453
"520","SF-YK",101.689,2012-10-15,100.230322580645,1.45867741935483
"521","SW-QD",131.22,2012-10-15,130.7,0.52000000000001
"522","SJ-LI",42.01,2012-11-15,36.7593333333333,5.25066666666667
"523","SJ-AJ",52.32,2012-11-15,48.3523333333333,3.96766666666667
"524","SW-LF",71.23,2012-11-15,70.17,1.06000000000002
"525","SJ-LH",86.45,2012-11-15,81.895,4.55500000000001
"526","SF-YK",101.689,2012-11-15,99.5686666666667,2.12033333333332
"527","SW-QD",131.22,2012-11-15,130.37,0.849999999999994
"528","SJ-LI",42.01,2012-12-15,36.5803225806452,5.42967741935484
"529","SJ-AJ",52.32,2012-12-15,48.3116129032258,4.00838709677419
"530","SW-LF",71.23,2012-12-15,69.56,1.67
"531","SJ-LH",86.45,2012-12-15,81.7493548387097,4.70064516129032
"532","SF-YK",101.689,2012-12-15,99.2409677419355,2.44803225806452
"533","SW-QD",131.22,2012-12-15,130.22,1
"534","SJ-LI",42.01,2013-01-15,36.4287096774194,5.58129032258064
"535","SJ-AJ",52.32,2013-01-15,48.2516129032258,4.0683870967742
"536","SW-LF",71.23,2013-01-15,69.29,1.94000000000001
"537","SJ-LH",86.45,2013-01-15,81.7712903225806,4.67870967741936
"538","SF-YK",101.689,2013-01-15,99.0696774193548,2.61932258064516
"539","SW-QD",131.22,2013-01-15,130.43,0.789999999999992
"540","SJ-LI",42.01,2013-02-15,36.0082142857143,6.00178571428571
"541","SJ-AJ",52.32,2013-02-15,48.1042857142857,4.21571428571428
"542","SW-LF",71.23,2013-02-15,68.72,2.51000000000001
"543","SJ-LH",86.45,2013-02-15,81.6118518518519,4.83814814814815
"544","SF-YK",101.689,2013-02-15,98.7296428571429,2.95935714285713
"545","SW-QD",131.22,2013-02-15,130.28,0.939999999999998
"546","SJ-LI",42.01,2013-03-15,35.6658064516129,6.3441935483871
"547","SJ-AJ",52.32,2013-03-15,48.0725806451613,4.24741935483871
"548","SW-LF",71.23,2013-03-15,68.21,3.02
"549","SJ-LH",86.45,2013-03-15,81.6967741935484,4.75322580645162
"550","SF-YK",101.689,2013-03-15,98.3883870967742,3.3006129032258
"551","SW-QD",131.22,2013-03-15,130.04,1.18000000000001
"552","SJ-LI",42.01,2013-04-15,35.77,6.24
"553","SJ-AJ",52.32,2013-04-15,48.199,4.121
"554","SW-LF",71.23,2013-04-15,66.655,4.575
"555","SJ-LH",86.45,2013-04-15,82.072,4.37800000000001
"556","SF-YK",101.689,2013-04-15,98.2993333333333,3.38966666666666
"557","SW-QD",131.22,2013-04-15,130.17,1.05000000000001
"558","SJ-LI",42.01,2013-05-15,36.7487096774194,5.26129032258064
"559","SJ-AJ",52.32,2013-05-15,48.4687096774194,3.85129032258065
"560","SW-LF",71.23,2013-05-15,66.795,4.43500000000002
"561","SJ-LH",86.45,2013-05-15,83.7945,2.6555
"562","SF-YK",101.689,2013-05-15,98.9009677419355,2.7880322580645
"563","SW-QD",131.22,2013-05-15,130.04,1.18000000000001
"564","SJ-LI",42.01,2013-06-15,37.595,4.415
"565","SJ-AJ",52.32,2013-06-15,48.6626666666667,3.65733333333333
"566","SW-LF",71.23,2013-06-15,68.79,2.44000000000001
"567","SJ-LH",86.45,2013-06-15,82.9413333333333,3.50866666666667
"568","SF-YK",101.689,2013-06-15,99.7713333333333,1.91766666666666
"569","SW-QD",131.22,2013-06-15,129.97,1.25
"570","SJ-LI",42.01,2013-07-15,37.8748387096774,4.13516129032258
"571","SJ-AJ",52.32,2013-07-15,48.5345161290323,3.78548387096775
"572","SW-LF",71.23,2013-07-15,70.64,0.590000000000003
"573","SJ-LH",86.45,2013-07-15,82.8154838709677,3.63451612903226
"574","SF-YK",101.689,2013-07-15,100.408421052632,1.28057894736841
"575","SW-QD",131.22,2013-07-15,130.6,0.620000000000005
"576","SJ-LI",42.01,2013-08-15,37.714,4.296
"577","SJ-AJ",52.32,2013-08-15,48.3103225806452,4.00967741935484
"578","SW-LF",71.23,2013-08-15,70.74,0.489999999999995
"579","SJ-LH",86.45,2013-08-15,82.571935483871,3.87806451612904
"580","SF-YK",101.689,2013-08-15,100.673870967742,1.01512903225806
"581","SW-QD",131.22,2013-08-15,130.77,0.449999999999989
"582","SJ-LI",42.01,2013-09-15,37.556,4.454
"583","SJ-AJ",52.32,2013-09-15,48.4333333333333,3.88666666666667
"584","SW-LF",71.23,2013-09-15,70.57,0.660000000000011
"585","SJ-LH",86.45,2013-09-15,82.9956666666667,3.45433333333334
"586","SF-YK",101.689,2013-09-15,100.632,1.05699999999999
"587","SW-QD",131.22,2013-09-15,130.65,0.569999999999993
"588","SJ-LI",42.01,2013-10-15,37.0225,4.9875
"589","SJ-AJ",52.32,2013-10-15,48.3061290322581,4.01387096774194
"590","SW-LF",71.23,2013-10-15,70.56,0.670000000000002
"591","SJ-LH",86.45,2013-10-15,82.7735483870968,3.67645161290324
"592","SF-YK",101.689,2013-10-15,100.228709677419,1.46029032258063
"593","SW-QD",131.22,2013-10-15,130.5,0.719999999999999
"594","SJ-LI",42.01,2013-11-15,36.545,5.465
"595","SJ-AJ",52.32,2013-11-15,48.07,4.25
"596","SW-LF",71.23,2013-11-15,70.145,1.08500000000001
"597","SJ-LH",86.45,2013-11-15,82.2006666666667,4.24933333333334
"598","SF-YK",101.689,2013-11-15,99.727,1.96199999999999
"599","SW-QD",131.22,2013-11-15,130.26,0.960000000000008
"600","SJ-LI",42.01,2013-12-15,36.214,5.796
"601","SJ-AJ",52.32,2013-12-15,47.9735483870968,4.34645161290322
"602","SW-LF",71.23,2013-12-15,69.5,1.73
"603","SJ-LH",86.45,2013-12-15,82.178064516129,4.27193548387098
"604","SF-YK",101.689,2013-12-15,99.3529032258065,2.33609677419354
"605","SW-QD",131.22,2013-12-15,130.24,0.97999999999999
"606","SJ-LI",42.01,2014-01-15,35.9492307692308,6.06076923076923
"607","SJ-AJ",52.32,2014-01-15,48.0970967741935,4.22290322580645
"608","SW-LF",71.23,2014-01-15,69.11,2.12
"609","SJ-LH",86.45,2014-01-15,82.2787096774193,4.17129032258066
"610","SF-YK",101.689,2014-01-15,99.26,2.42899999999999
"611","SW-QD",131.22,2014-01-15,130.19,1.03
"612","SJ-LI",42.01,2014-02-15,36.6960714285714,5.31392857142857
"613","SJ-AJ",52.32,2014-02-15,48.3125,4.0075
"614","SW-LF",71.23,2014-02-15,69.07,2.16000000000001
"615","SJ-LH",86.45,2014-02-15,82.3360714285714,4.11392857142859
"616","SF-YK",101.689,2014-02-15,99.4325,2.25649999999999
"617","SW-QD",131.22,2014-02-15,130.35,0.870000000000005
"618","SJ-LI",42.01,2014-03-15,36.6041935483871,5.4058064516129
"619","SJ-AJ",52.32,2014-03-15,48.3393548387097,3.98064516129033
"620","SW-LF",71.23,2014-03-15,69.08,2.15000000000001
"621","SJ-LH",86.45,2014-03-15,82.1738709677419,4.27612903225807
"622","SF-YK",101.689,2014-03-15,99.3838709677419,2.30512903225805
"623","SW-QD",131.22,2014-03-15,130.32,0.900000000000006
"624","SJ-LI",42.01,2014-04-15,36.5256666666667,5.48433333333333
"625","SJ-AJ",52.32,2014-04-15,48.144,4.176
"626","SW-LF",71.23,2014-04-15,69.62,1.61
"627","SJ-LH",86.45,2014-04-15,82.0553333333333,4.39466666666668
"628","SF-YK",101.689,2014-04-15,99.385,2.30399999999999
"629","SW-QD",131.22,2014-04-15,130.42,0.800000000000011
"630","SJ-LI",42.01,2014-05-15,36.0751612903226,5.93483870967741
"631","SJ-AJ",52.32,2014-05-15,48.0625806451613,4.25741935483871
"632","SW-LF",71.23,2014-05-15,69.32,1.91000000000001
"633","SJ-LH",86.45,2014-05-15,82.341935483871,4.10806451612905
"634","SF-YK",101.689,2014-05-15,99.3529032258065,2.33609677419354
"635","SW-QD",131.22,2014-05-15,130.55,0.669999999999987
"636","SJ-LI",42.01,2014-06-15,35.482,6.528
"637","SJ-AJ",52.32,2014-06-15,48.1773333333333,4.14266666666667
"638","SW-LF",71.23,2014-06-15,68.59,2.64
"639","SJ-LH",86.45,2014-06-15,82.27,4.18000000000001
"640","SF-YK",101.689,2014-06-15,98.906,2.78299999999999
"641","SW-QD",131.22,2014-06-15,129.45,1.77000000000001
"642","SJ-LI",42.01,2014-07-15,35.8877419354839,6.12225806451612
"643","SJ-AJ",52.32,2014-07-15,48.6612903225806,3.65870967741935
"644","SW-LF",71.23,2014-07-15,69.985,1.245
"645","SJ-LH",86.45,2014-07-15,82.4474193548387,4.0025806451613
"646","SF-YK",101.689,2014-07-15,99.3109677419355,2.37803225806451
"647","SW-QD",131.22,2014-07-15,130.73,0.490000000000009
"648","SJ-LI",42.01,2014-08-15,36.2441935483871,5.7658064516129
"649","SJ-AJ",52.32,2014-08-15,48.2993548387097,4.02064516129033
"650","SW-LF",71.23,2014-08-15,70.76,0.470000000000013
"651","SJ-LH",86.45,2014-08-15,81.9970967741935,4.45290322580647
"652","SF-YK",101.689,2014-08-15,99.6232258064516,2.06577419354838
"653","SW-QD",131.22,2014-08-15,130.59,0.629999999999995
"654","SJ-LI",42.01,2014-09-15,36.033,5.977
"655","SJ-AJ",52.32,2014-09-15,48.3016666666667,4.01833333333333
"656","SW-LF",71.23,2014-09-15,70.52,0.709999999999994
"657","SJ-LH",86.45,2014-09-15,82.8433333333333,3.60666666666667
"658","SF-YK",101.689,2014-09-15,99.9126666666667,1.77633333333333
"659","SW-QD",131.22,2014-09-15,130.72,0.5
"660","SJ-LI",42.01,2014-10-15,36.9441935483871,5.0658064516129
"661","SJ-AJ",52.32,2014-10-15,48.2622580645161,4.05774193548388
"662","SW-LF",71.23,2014-10-15,70.465,0.765000000000001
"663","SJ-LH",86.45,2014-10-15,83.0396774193548,3.41032258064517
"664","SF-YK",101.689,2014-10-15,100.222258064516,1.46674193548387
"665","SW-QD",131.22,2014-10-15,130.7,0.52000000000001
"666","SJ-LI",42.01,2014-11-15,36.3626666666667,5.64733333333333
"667","SJ-AJ",52.32,2014-11-15,48.301,4.019
"668","SW-LF",71.23,2014-11-15,70.06,1.17
"669","SJ-LH",86.45,2014-11-15,82.4206896551724,4.02931034482759
"670","SF-YK",101.689,2014-11-15,99.9293333333333,1.75966666666666
"671","SW-QD",131.22,2014-11-15,130.39,0.830000000000013
"672","SJ-LI",42.01,2014-12-15,37.3638709677419,4.64612903225806
"673","SJ-AJ",52.32,2014-12-15,48.4670967741935,3.85290322580645
"674","SW-LF",71.23,2014-12-15,70.635,0.595000000000013
"675","SJ-LH",86.45,2014-12-15,81.8909677419355,4.55903225806452
"676","SF-YK",101.689,2014-12-15,100.463225806452,1.22577419354838
"677","SW-QD",131.22,2014-12-15,130.68,0.539999999999992
"678","SJ-LI",42.01,2015-01-15,37.1545161290323,4.85548387096774
"679","SJ-AJ",52.32,2015-01-15,48.2873333333333,4.03266666666666
"680","SW-LF",71.23,2015-01-15,70.49,0.740000000000009
"681","SJ-LH",86.45,2015-01-15,82.1674193548387,4.28258064516129
"682","SF-YK",101.689,2015-01-15,100.396451612903,1.29254838709677
"683","SW-QD",131.22,2015-01-15,130.42,0.800000000000011
"684","SJ-LI",42.01,2015-02-15,37.2221428571429,4.78785714285714
"685","SJ-AJ",52.32,2015-02-15,48.3242857142857,3.99571428571429
"686","SW-LF",71.23,2015-02-15,70.45,0.780000000000001
"687","SJ-LH",86.45,2015-02-15,82.5192857142857,3.93071428571429
"688","SF-YK",101.689,2015-02-15,100.44,1.249
"689","SW-QD",131.22,2015-02-15,130.62,0.599999999999994
"690","SJ-LI",42.01,2015-03-15,36.9677419354839,5.04225806451613
"691","SJ-AJ",52.32,2015-03-15,48.1738709677419,4.14612903225807
"692","SW-LF",71.23,2015-03-15,70.365,0.864999999999995
"693","SJ-LH",86.45,2015-03-15,82.6209677419355,3.82903225806452
"694","SF-YK",101.689,2015-03-15,100.197419354839,1.49158064516128
"695","SW-QD",131.22,2015-03-15,130.85,0.370000000000005
"696","SJ-LI",42.01,2015-04-15,36.301,5.709
"697","SJ-AJ",52.32,2015-04-15,48.166,4.154
"698","SW-LF",71.23,2015-04-15,70.035,1.19500000000001
"699","SJ-LH",86.45,2015-04-15,82.3634482758621,4.08655172413793
"700","SF-YK",101.689,2015-04-15,99.9886666666667,1.70033333333333
"701","SW-QD",131.22,2015-04-15,130.38,0.840000000000003
"702","SJ-LI",42.01,2015-05-15,35.3722580645161,6.63774193548387
"703","SJ-AJ",52.32,2015-05-15,47.82,4.5
"704","SW-LF",71.23,2015-05-15,69.395,1.83499999999999
"705","SJ-LH",86.45,2015-05-15,81.9606451612903,4.48935483870967
"706","SF-YK",101.689,2015-05-15,99.5341935483871,2.1548064516129
"707","SW-QD",131.22,2015-05-15,130.32,0.900000000000006
"708","SJ-LI",42.01,2015-06-15,34.8226666666667,7.18733333333333
"709","SJ-AJ",52.32,2015-06-15,47.7227586206897,4.59724137931035
"710","SW-LF",71.23,2015-06-15,69.09,2.14
"711","SJ-LH",86.45,2015-06-15,82.0836666666667,4.36633333333333
"712","SF-YK",101.689,2015-06-15,99.1983333333333,2.49066666666666
"713","SW-QD",131.22,2015-06-15,130.38,0.840000000000003
"714","SJ-LI",42.01,2015-07-15,35.5222580645161,6.48774193548387
"715","SJ-AJ",52.32,2015-07-15,48.4835483870968,3.83645161290323
"716","SW-LF",71.23,2015-07-15,68.72,2.51000000000001
"717","SJ-LH",86.45,2015-07-15,82.2825806451613,4.16741935483871
"718","SF-YK",101.689,2015-07-15,99.7035483870968,1.98545161290322
"719","SW-QD",131.22,2015-07-15,130.65,0.569999999999993
"720","SJ-LI",42.01,2015-08-15,35.9406451612903,6.06935483870967
"721","SJ-AJ",52.32,2015-08-15,48.1296774193548,4.19032258064516
"722","SW-LF",71.23,2015-08-15,70.85,0.38000000000001
"723","SJ-LH",86.45,2015-08-15,82.8933333333333,3.55666666666667
"724","SF-YK",101.689,2015-08-15,100.162580645161,1.52641935483871
"725","SW-QD",131.22,2015-08-15,130.79,0.430000000000007
"726","SJ-LI",42.01,2015-09-15,37.3233333333333,4.68666666666667
"727","SJ-AJ",52.32,2015-09-15,47.374,4.946
"728","SW-LF",71.23,2015-09-15,70.745,0.484999999999999
"729","SJ-LH",86.45,2015-09-15,83.214,3.236
"730","SF-YK",101.689,2015-09-15,100.535,1.154
"731","SW-QD",131.22,2015-09-15,131.03,0.189999999999998
"732","SJ-LI",42.01,2015-10-15,37.2593548387097,4.75064516129032
"733","SJ-AJ",52.32,2015-10-15,46.3467741935484,5.97322580645162
"734","SW-LF",71.23,2015-10-15,70.63,0.600000000000009
"735","SJ-LH",86.45,2015-10-15,82.7167741935484,3.73322580645161
"736","SF-YK",101.689,2015-10-15,100.22,1.46899999999999
"737","SW-QD",131.22,2015-10-15,130.7,0.52000000000001
"738","SJ-LI",42.01,2015-11-15,36.4666666666667,5.54333333333333
"739","SJ-AJ",52.32,2015-11-15,46.1866666666667,6.13333333333333
"740","SW-LF",71.23,2015-11-15,70.055,1.175
"741","SJ-LH",86.45,2015-11-15,82.4503333333333,3.99966666666667
"742","SF-YK",101.689,2015-11-15,99.775,1.91399999999999
"743","SW-QD",131.22,2015-11-15,130.55,0.669999999999987
"744","SJ-LI",42.01,2015-12-15,36.1058064516129,5.90419354838709
"745","SJ-AJ",52.32,2015-12-15,46.1770967741936,6.14290322580645
"746","SW-LF",71.23,2015-12-15,69.565,1.66500000000001
"747","SJ-LH",86.45,2015-12-15,82.3109677419355,4.13903225806452
"748","SF-YK",101.689,2015-12-15,99.5196774193548,2.16932258064516
"749","SW-QD",131.22,2015-12-15,130.68,0.539999999999992
"750","SJ-LI",42.01,2016-01-15,36.371935483871,5.63806451612903
"751","SJ-AJ",52.32,2016-01-15,46.3209677419355,5.99903225806452
"752","SW-LF",71.23,2016-01-15,69,2.23
"753","SJ-LH",86.45,2016-01-15,82.5532258064516,3.8967741935484
"754","SF-YK",101.689,2016-01-15,99.7112903225807,1.97770967741934
"755","SW-QD",131.22,2016-01-15,130.78,0.439999999999998
"756","SJ-LI",42.01,2016-02-15,37.2575862068966,4.75241379310344
"757","SJ-AJ",52.32,2016-02-15,46.4637931034483,5.85620689655173
"758","SW-LF",71.23,2016-02-15,69.5,1.73
"759","SJ-LH",86.45,2016-02-15,82.8231034482759,3.62689655172414
"760","SF-YK",101.689,2016-02-15,100.003793103448,1.68520689655172
"761","SW-QD",131.22,2016-02-15,130.83,0.389999999999986
"762","SJ-LI",42.01,2016-03-15,36.4125806451613,5.59741935483871
"763","SJ-AJ",52.32,2016-03-15,46.2890322580645,6.03096774193548
"764","SW-LF",71.23,2016-03-15,69,2.23
"765","SJ-LH",86.45,2016-03-15,82.4012903225806,4.04870967741935
"766","SF-YK",101.689,2016-03-15,99.6193548387097,2.06964516129031
"767","SW-QD",131.22,2016-03-15,130.82,0.400000000000006
"768","SJ-LI",42.01,2016-04-15,36.173,5.837
"769","SJ-AJ",52.32,2016-04-15,46.2486666666667,6.07133333333334
"770","SW-LF",71.23,2016-04-15,69.06,2.17
"771","SJ-LH",86.45,2016-04-15,82.2213333333333,4.22866666666667
"772","SF-YK",101.689,2016-04-15,99.5453333333333,2.14366666666666
"773","SW-QD",131.22,2016-04-15,130.3,0.919999999999987
"774","SJ-LI",42.01,2016-05-15,36.1409677419355,5.86903225806451
"775","SJ-AJ",52.32,2016-05-15,46.1233333333333,6.19666666666667
"776","SW-LF",71.23,2016-05-15,68.065,3.16500000000001
"777","SJ-LH",86.45,2016-05-15,82.1135483870968,4.33645161290323
"778","SF-YK",101.689,2016-05-15,99.421935483871,2.26706451612903
"779","SW-QD",131.22,2016-05-15,130.42,0.800000000000011
"780","SJ-LI",42.01,2016-06-15,37.3303333333333,4.67966666666666
"781","SJ-AJ",52.32,2016-06-15,46.451,5.869
"782","SW-LF",71.23,2016-06-15,67.1366666666667,4.09333333333333
"783","SJ-LH",86.45,2016-06-15,82.6210344827586,3.82896551724139
"784","SF-YK",101.689,2016-06-15,99.238,2.45099999999999
"785","SW-QD",131.22,2016-06-15,130.78,0.439999999999998
"786","SJ-LI",42.01,2016-07-15,36.7225806451613,5.28741935483871
"787","SJ-AJ",52.32,2016-07-15,46.7661290322581,5.55387096774194
"788","SW-LF",71.23,2016-07-15,68.6,2.63000000000001
"789","SJ-LH",86.45,2016-07-15,82.7883870967742,3.66161290322582
"790","SF-YK",101.689,2016-07-15,99.2041935483871,2.4848064516129
"791","SW-QD",131.22,2016-07-15,130.5,0.719999999999999
"792","SJ-LI",42.01,2016-08-15,36.0296774193548,5.98032258064516
"793","SJ-AJ",52.32,2016-08-15,46.5825806451613,5.73741935483871
"794","SW-LF",71.23,2016-08-15,68.815,2.41500000000001
"795","SJ-LH",86.45,2016-08-15,82.8316129032258,3.6183870967742
"796","SF-YK",101.689,2016-08-15,99.1838709677419,2.50512903225805
"797","SW-QD",131.22,2016-08-15,130.48,0.740000000000009
"798","SJ-LI",42.01,2016-09-15,36.3263333333333,5.68366666666667
"799","SJ-AJ",52.32,2016-09-15,46.9996666666667,5.32033333333333
"800","SW-LF",71.23,2016-09-15,70.7,0.530000000000001
"801","SJ-LH",86.45,2016-09-15,83.147,3.303
"802","SF-YK",101.689,2016-09-15,99.7803333333333,1.90866666666666
"803","SW-QD",131.22,2016-09-15,130.9,0.319999999999993
"804","SJ-LI",42.01,2016-10-15,37.5612903225806,4.44870967741935
"805","SJ-AJ",52.32,2016-10-15,47.3764516129032,4.94354838709678
"806","SW-LF",71.23,2016-10-15,70.4,0.829999999999998
"807","SJ-LH",86.45,2016-10-15,83.6906666666667,2.75933333333333
"808","SF-YK",101.689,2016-10-15,100.051290322581,1.63770967741935
"809","SW-QD",131.22,2016-10-15,130.68,0.539999999999992
"810","SJ-LI",42.01,2016-11-15,36.6833333333333,5.32666666666666
"811","SJ-AJ",52.32,2016-11-15,46.9913333333333,5.32866666666666
"812","SW-LF",71.23,2016-11-15,69.555,1.675
"813","SJ-LH",86.45,2016-11-15,82.8093333333333,3.64066666666668
"814","SF-YK",101.689,2016-11-15,99.4553333333333,2.23366666666666
"815","SW-QD",131.22,2016-11-15,130.21,1.00999999999999
"816","SJ-LI",42.01,2016-12-15,35.7893548387097,6.22064516129032
"817","SJ-AJ",52.32,2016-12-15,46.9138709677419,5.40612903225806
"818","SW-LF",71.23,2016-12-15,68.25,2.98
"819","SJ-LH",86.45,2016-12-15,82.4245161290323,4.02548387096775
"820","SF-YK",101.689,2016-12-15,99.1867741935484,2.50222580645161
"821","SW-QD",131.22,2016-12-15,130.13,1.09
"822","SJ-LI",42.01,2017-01-15,35.8787096774194,6.13129032258065
"823","SJ-AJ",52.32,2017-01-15,47.0209677419355,5.29903225806451
"824","SW-LF",71.23,2017-01-15,66.64,4.59
"825","SJ-LH",86.45,2017-01-15,82.4070967741935,4.04290322580646
"826","SF-YK",101.689,2017-01-15,99.2941935483871,2.39480645161289
"827","SW-QD",131.22,2017-01-15,130.23,0.990000000000009
"828","SJ-LI",42.01,2017-02-15,35.8021428571429,6.20785714285714
"829","SJ-AJ",52.32,2017-02-15,47.0753571428571,5.24464285714286
"830","SW-LF",71.23,2017-02-15,66.185,5.045
"831","SJ-LH",86.45,2017-02-15,82.3164285714286,4.13357142857143
"832","SF-YK",101.689,2017-02-15,99.145,2.544
"833","SW-QD",131.22,2017-02-15,130.2,1.02000000000001
"834","SJ-LI",42.01,2017-03-15,35.1977419354839,6.81225806451613
"835","SJ-AJ",52.32,2017-03-15,46.7841935483871,5.53580645161291
"836","SW-LF",71.23,2017-03-15,65.23,6
"837","SJ-LH",86.45,2017-03-15,82.0573333333333,4.39266666666667
"838","SF-YK",101.689,2017-03-15,98.7787096774194,2.91029032258064
"839","SW-QD",131.22,2017-03-15,130.04,1.18000000000001
"840","SJ-LI",42.01,2017-04-15,34.4936666666667,7.51633333333333
"841","SJ-AJ",52.32,2017-04-15,45.986,6.334
"842","SW-LF",71.23,2017-04-15,64.395,6.83500000000001
"843","SJ-LH",86.45,2017-04-15,81.8296666666667,4.62033333333333
"844","SF-YK",101.689,2017-04-15,98.025,3.66399999999999
"845","SW-QD",131.22,2017-04-15,129.7,1.52000000000001
"846","SJ-LI",42.01,2017-05-15,33.9103225806452,8.09967741935483
"847","SJ-AJ",52.32,2017-05-15,45.1732258064516,7.14677419354839
"848","SW-LF",71.23,2017-05-15,64.465,6.765
"849","SJ-LH",86.45,2017-05-15,81.5590322580645,4.89096774193548
"850","SF-YK",101.689,2017-05-15,97.3448387096774,4.34416129032257
"851","SW-QD",131.22,2017-05-15,129.4,1.81999999999999
"852","SJ-LI",42.01,2017-06-15,36.937,5.073
"853","SJ-AJ",52.32,2017-06-15,46.806,5.514
"854","SW-LF",71.23,2017-06-15,65.49,5.73999999999999
"855","SJ-LH",86.45,2017-06-15,82.831,3.619
"856","SF-YK",101.689,2017-06-15,99.375,2.31399999999999
"857","SW-QD",131.22,2017-06-15,128.95,2.27000000000001
"858","SJ-LI",42.01,2017-07-15,35.8629032258064,6.14709677419355
"859","SJ-AJ",52.32,2017-07-15,47.9141935483871,4.4058064516129
"860","SW-LF",71.23,2017-07-15,66.71,4.52
"861","SJ-LH",86.45,2017-07-15,83.0932258064516,3.35677419354839
"862","SF-YK",101.689,2017-07-15,100.009677419355,1.67932258064515
"863","SW-QD",131.22,2017-07-15,130.1,1.12
"864","SJ-LI",42.01,2017-08-15,36.8770967741935,5.13290322580645
"865","SJ-AJ",52.32,2017-08-15,47.868064516129,4.45193548387097
"866","SW-LF",71.23,2017-08-15,66.875,4.355
"867","SJ-LH",86.45,2017-08-15,83.2435483870968,3.20645161290322
"868","SF-YK",101.689,2017-08-15,100.090322580645,1.59867741935483
"869","SW-QD",131.22,2017-08-15,130.47,0.75
"870","SJ-LI",42.01,2017-09-15,38.4886666666667,3.52133333333333
"871","SJ-AJ",52.32,2017-09-15,48.5553333333333,3.76466666666667
"872","SW-LF",71.23,2017-09-15,70.12,1.11
"873","SJ-LH",86.45,2017-09-15,84.2193333333333,2.23066666666666
"874","SF-YK",101.689,2017-09-15,100.842333333333,0.846666666666664
"875","SW-QD",131.22,2017-09-15,131.23,-0.00999999999999091
"876","SJ-LI",42.01,2017-10-15,38.9929032258065,3.01709677419355
"877","SJ-AJ",52.32,2017-10-15,48.2793548387097,4.04064516129032
"878","SW-LF",71.23,2017-10-15,70.55,0.680000000000007
"879","SJ-LH",86.45,2017-10-15,84.0345161290323,2.41548387096775
"880","SF-YK",101.689,2017-10-15,100.55935483871,1.12964516129031
"881","SW-QD",131.22,2017-10-15,130.88,0.340000000000003
"882","SJ-LI",42.01,2017-11-15,38.389,3.621
"883","SJ-AJ",52.32,2017-11-15,47.9443333333333,4.37566666666667
"884","SW-LF",71.23,2017-11-15,69.93,1.3
"885","SJ-LH",86.45,2017-11-15,82.9546666666667,3.49533333333333
"886","SF-YK",101.689,2017-11-15,99.9696666666667,1.71933333333332
"887","SW-QD",131.22,2017-11-15,130.68,0.539999999999992
"888","SJ-LI",42.01,2017-12-15,38.0225806451613,3.98741935483871
"889","SJ-AJ",52.32,2017-12-15,47.6616129032258,4.65838709677419
"890","SW-LF",71.23,2017-12-15,69.21,2.02
"891","SJ-LH",86.45,2017-12-15,82.6487096774193,3.80129032258066
"892","SF-YK",101.689,2017-12-15,99.6145161290323,2.07448387096774
"893","SW-QD",131.22,2017-12-15,130.59,0.629999999999995
"894","SF-YK",101.689,2018-01-15,99.5470967741935,2.14190322580644
"895","SF-YK",101.689,2018-02-15,99.4214285714286,2.26757142857142
"896","SF-YK",101.689,2018-03-15,99.0145161290323,2.67448387096773
"897","SF-YK",101.689,2018-04-15,98.9616666666667,2.72733333333332
"898","SF-YK",101.689,2018-05-15,99.3548387096774,2.33416129032257
"899","SF-YK",101.689,2018-06-15,99.99,1.699
"900","SF-YK",101.689,2018-07-15,100.535161290323,1.15383870967742
"901","SF-YK",101.689,2018-08-15,100.812,0.876999999999995
