OBJECTID,Wetland__1,SEQNUM,CFCA_EMT_I,Physiograp,Wetland_Ty,Hydrologic,Edge_Ref_1,Urban_Dens,ACRES_COMB,XCOORD_UTM,YCOORD_UTM,Column_,ORIG_FID
1,1,200024,SW-N3,Plain,2A-M,No,98.4,Low,4.574711282,392692.7188,3117468.5,224,1
2,1,199284,SW-N3,Plain,2A-M,No,98.4,Low,16.70355462,392706.625,3117689,224,2
3,1,200025,SW-N3,Plain,2A-M,No,98.4,Low,0.366281109,392875.875,3117536,225,3
4,1,199285,SW-N3,Plain,2A-M,No,98.4,Low,7.36133011,392886.8438,3117686.75,225,4
5,1,149000,SW-N1,Plain,2A-M,No,100.83,Low,0.000275672,406547.7188,3143840,260,5
6,1,148260,SW-N1,Plain,2A-M,No,100.83,Low,6.506001169,406510.875,3144042.25,260,6
7,1,147520,SW-N1,Plain,2A-M,No,100.83,Low,0.933680216,406530.9375,3144270,260,7
8,1,149001,SW-N1,Plain,2A-M,No,100.83,Low,4.643019186,406713.5313,3143806.25,261,8
9,1,148261,SW-N1,Plain,2A-M,No,100.83,Low,30.86439897,406712.7813,3144034,261,9
10,1,147521,SW-N1,Plain,2A-M,No,100.83,Low,23.42439547,406748.5,3144359.5,261,10
11,1,160842,SW-LM,Plain,1A,No,99.81,Low,1.860402529,407259.7188,3137675.25,262,11
12,1,148262,SW-N1,Plain,2A-M,No,100.83,Low,0.000683518,406929.8438,3144220.5,262,12
13,1,147522,SW-N1,Plain,2A-M,No,100.83,Low,0.995549353,406944.875,3144301,262,13
14,1,160843,SW-LM,Plain,1A,No,99.81,Low,0.073318705,407313.875,3137683.5,263,14
15,1,154186,SW-N2,Plain,1A,No,102.01,Low,0.870837458,408817.1875,3141019.25,266,15
16,1,154187,SW-N2,Plain,1A,No,102.01,Low,1.202513091,408855.1563,3141011,267,16
17,1,171211,SW-AA,Plain,1A,No,105.95,Low,4.773634967,410581.125,3132192.25,271,17
18,1,201552,SW-N4,Plain,2A-M,No,134.32,Moderate,1.6851628,411102.9688,3116697.25,272,18
19,1,200812,SW-N4,Plain,2A-M,No,134.32,Moderate,0.577810946,411101.625,3116820.75,272,19
20,1,202293,SW-N4,Plain,2A-M,No,134.32,Moderate,8.987160186,411290.0938,3116293,273,20
21,1,201553,SW-N4,Plain,2A-M,No,134.32,Moderate,10.79734526,411234.7188,3116594.75,273,21
22,1,200813,SW-N4,Plain,2A-M,No,134.32,Moderate,0.628252247,411159.5313,3116804.75,273,22
23,1,203774,SW-N6,Plain,1A,No,134.43,Moderate,0.023261861,411880.3438,3115399.5,274,23
24,1,204515,SW-N6,Plain,1A,No,134.43,Moderate,0.949404689,411956.7188,3115248.75,275,24
25,1,203775,SW-N6,Plain,1A,No,134.43,Moderate,8.372788453,411978.8125,3115369.75,275,25
26,1,203776,SW-N5,Plain,2A-M,No,134.16,Moderate,5.367766539,412577.6875,3115570.75,276,26
27,1,203036,SW-N5,Plain,2A-M,No,134.16,Moderate,7.761386158,412558.0625,3115744.75,276,27
28,1,203777,SW-N5,Plain,2A-M,No,134.16,Moderate,8.84869846,412871.2188,3115586,277,28
29,1,203037,SW-N5,Plain,2A-M,No,134.16,Moderate,16.04878108,412842.4375,3115733.5,277,29
30,1,203778,SW-N5,Plain,2A-M,No,134.16,Moderate,8.209109917,413104.25,3115528.75,278,30
31,1,203038,SW-N5,Plain,2A-M,No,134.16,Moderate,13.80860197,413140.7188,3115836,278,31
32,1,202298,SW-N5,Plain,2A-M,No,134.16,Moderate,0.173319392,413098.5938,3116035.75,278,32
33,1,100929,SJ-QA,Ridge,1F,Yes,89.49,Moderate,2.140747429,417525.5313,3168412,289,33
34,1,100189,SJ-QA,Ridge,1F,Yes,89.49,Moderate,11.69505201,417495.9375,3168842,289,34
35,1,99449,SJ-QA,Ridge,1F,Yes,89.49,Moderate,5.541368737,417486.2188,3169085.75,289,35
36,1,98709,SJ-QA,Ridge,1F,Yes,89.49,Moderate,9.647412375,417492.875,3169563,289,36
37,1,100930,SJ-QA,Ridge,1F,Yes,89.49,Moderate,17.2883495,417801.7813,3168434.75,290,37
38,1,100190,SJ-QA,Ridge,1F,Yes,89.49,Moderate,22.19131727,417737.4375,3168792.5,290,38
39,1,99450,SJ-QA,Ridge,1F,Yes,89.49,Moderate,27.26253915,417786.875,3169139.5,290,39
40,1,98710,SJ-QA,Ridge,1F,Yes,89.49,Moderate,16.06867336,417759.2188,3169493.75,290,40
41,1,100931,SJ-QA,Ridge,1F,Yes,89.49,Moderate,18.94981879,418234.3125,3168448,291,41
42,1,100191,SJ-QA,Ridge,1F,Yes,89.49,Moderate,17.47701312,418148.4063,3168773.5,291,42
43,1,99451,SJ-QA,Ridge,1F,Yes,89.49,Moderate,15.65422476,418082.2813,3169167.5,291,43
44,1,98711,SJ-QA,Ridge,1F,Yes,89.49,Moderate,10.64011457,418176.9375,3169491.75,291,44
45,1,101672,SJ-QA,Ridge,1F,Yes,89.49,Moderate,5.204745422,418510.625,3168140.25,292,45
46,1,100932,SJ-QA,Ridge,1F,Yes,89.49,Moderate,18.68752477,418505.6563,3168446.75,292,46
47,1,100192,SJ-QA,Ridge,1F,Yes,89.49,Moderate,22.50848653,418564.5313,3168739,292,47
48,1,98712,SJ-QA,Ridge,1F,Yes,89.49,Moderate,0.416009599,418698.375,3169710.75,292,48
49,1,100933,SJ-QA,Ridge,1F,Yes,89.49,Moderate,1.375017859,418776.2188,3168568,293,49
50,1,100193,SJ-QA,Ridge,1F,Yes,89.49,Moderate,3.598596718,418794.4063,3168674,293,50
51,1,98713,SJ-QA,Ridge,1F,Yes,89.49,Moderate,0.443178556,418763.1563,3169677.5,293,51
52,1,216384,SW-QK,Ridge,1F,No,133.31,Low,2.612425561,423232.0625,3109139,304,52
53,1,215644,SW-QK,Ridge,1F,No,133.31,Low,9.815290389,423202.5625,3109300.25,304,53
54,1,214164,SW-QK,Ridge,1F,No,133.31,Low,10.68306913,423226.1875,3110186,304,54
55,1,213424,SW-QK,Ridge,1F,No,133.31,Low,3.218804478,423230.7188,3110371,304,55
56,1,217125,SW-QK,Ridge,1F,No,133.31,Low,0.069208833,423672.75,3108785.5,305,56
57,1,216385,SW-QK,Ridge,1F,No,133.31,Low,25.06092059,423521.9063,3108982.75,305,57
58,1,215645,SW-QK,Ridge,1F,No,133.31,Low,3.373544498,423382.875,3109215.25,305,58
59,1,214905,SW-QK,Ridge,1F,No,133.31,Low,0.804095909,423621.5938,3109917.5,305,59
60,1,214165,SW-QK,Ridge,1F,No,133.31,Low,26.30170802,423506.8125,3110097.5,305,60
61,1,219346,SW-QK,Ridge,1F,No,133.31,Low,4.746063694,424026.0938,3107550.5,306,61
62,1,218606,SW-QK,Ridge,1F,No,133.31,Low,0.622431881,424052.25,3107671,306,62
63,1,217126,SW-QK,Ridge,1F,No,133.31,Low,2.869828826,423894.4375,3108725,306,63
64,1,216386,SW-QK,Ridge,1F,No,133.31,Low,13.95061283,423828.5,3108953,306,64
65,1,215646,SW-QK,Ridge,1F,No,133.31,Low,0.039143657,424048.625,3109171.75,306,65
66,1,214906,SW-QK,Ridge,1F,No,133.31,Low,0.001578724,423693.875,3109929.25,306,66
67,1,214166,SW-QK,Ridge,1F,No,133.31,Low,4.02756154,423743.75,3110050.75,306,67
68,1,109826,SJ-LF,Ridge,1F,No,86.76,Moderate,1.917429682,423957.1875,3163948.75,306,68
69,1,109086,SJ-LF,Ridge,1F,No,86.76,Moderate,8.576877004,423969.1875,3164204.5,306,69
70,1,219347,SW-QK,Ridge,1F,No,133.31,Low,21.58176872,424242.0625,3107525.5,307,70
71,1,218607,SW-QK,Ridge,1F,No,133.31,Low,33.02958507,424278.5938,3107827.25,307,71
72,1,217867,SW-QK,Ridge,1F,No,133.31,Low,15.89352379,424365.0313,3108194.25,307,72
73,1,217127,SW-QK,Ridge,1F,No,133.31,Low,10.41121602,424388.4688,3108564.25,307,73
74,1,216387,SW-QK,Ridge,1F,No,133.31,Low,2.552596299,424194.875,3108998.75,307,74
75,1,215647,SW-QK,Ridge,1F,No,133.31,Low,5.06013E-06,424074.4063,3109169.5,307,75
76,1,214167,SW-QK,Ridge,1F,No,133.31,Low,2.009773218,424300.4375,3110107.5,307,76
77,1,109827,SJ-LF,Ridge,1F,No,86.76,Moderate,3.167104325,424316.8438,3163805.75,307,77
78,1,109087,SJ-LF,Ridge,1F,No,86.76,Moderate,8.75388684,424285.0625,3164315.75,307,78
79,1,108347,SJ-LF,Ridge,1F,No,86.76,Moderate,2.741710537,424181.0313,3164454,307,79
80,1,219348,SW-QK,Ridge,1F,No,133.31,Low,1.789902662,424496.5,3107606.25,308,80
81,1,218608,SW-QK,Ridge,1F,No,133.31,Low,31.44649791,424634.3125,3107857.25,308,81
82,1,217868,SW-QK,Ridge,1F,No,133.31,Low,22.64653943,424591.5938,3108178.75,308,82
83,1,217128,SW-QK,Ridge,1F,No,133.31,Low,10.50281016,424539.9688,3108527,308,83
84,1,214908,SW-QK,Ridge,1F,No,133.31,Low,4.685709079,424739.3125,3109883,308,84
85,1,214168,SW-QK,Ridge,1F,No,133.31,Low,11.39174732,424755.8438,3110117.25,308,85
86,1,213428,SW-QK,Ridge,1F,No,133.31,Low,3.637876325,424782.7188,3110377.25,308,86
87,1,109828,SJ-LF,Ridge,1F,No,86.76,Moderate,0.092803247,424457.8125,3163998.5,308,87
88,1,109088,SJ-LF,Ridge,1F,No,86.76,Moderate,0.032675299,424457.1875,3164049,308,88
89,1,218609,SW-QK,Ridge,1F,No,133.31,Low,11.65234973,424926.4688,3107906,309,89
90,1,217869,SW-QK,Ridge,1F,No,133.31,Low,6.812205786,424966.1563,3108101.75,309,90
91,1,215649,SW-QK,Ridge,1F,No,133.31,Low,0.039761445,425201.6875,3109380,309,91
92,1,214909,SW-QK,Ridge,1F,No,133.31,Low,9.425883375,424972.1563,3109826.5,309,92
93,1,214169,SW-QK,Ridge,1F,No,133.31,Low,8.298061054,424884.25,3110148.75,309,93
94,1,213429,SW-QK,Ridge,1F,No,133.31,Low,6.17733066,424926.5,3110389.25,309,94
95,1,141649,SJ-LJ,Ridge,2F,No,96.42,Moderate,4.675899292,425102.5625,3147610.75,309,95
96,1,140909,SJ-LJ,Ridge,2F,No,96.42,Moderate,12.09539539,425097.3438,3147750,309,96
97,1,217870,SW-QK,Ridge,1F,No,133.31,Low,3.587842494,425436.9375,3108339.5,310,97
98,1,217130,SW-QK,Ridge,1F,No,133.31,Low,2.884899788,425507.875,3108544.5,310,98
99,1,216390,SW-QK,Ridge,1F,No,133.31,Low,0.318354226,425555.1563,3108992.75,310,99
100,1,215650,SW-QK,Ridge,1F,No,133.31,Low,0.539877754,425425.1875,3109270.25,310,100
101,1,141650,SJ-LJ,Ridge,2F,No,96.42,Moderate,1.371429935,425256.1875,3147615.75,310,101
102,1,140910,SJ-LJ,Ridge,2F,No,96.42,Moderate,21.77486033,425385.5938,3147885.75,310,102
103,1,140170,SJ-LJ,Ridge,2F,No,96.42,Moderate,2.825893172,425504.4375,3148096.75,310,103
104,1,139430,SJ-LJ,Ridge,2F,No,96.42,Moderate,0.064285965,425590.375,3148420,310,104
105,1,137950,SJ-LJ,Ridge,2F,No,96.42,Moderate,0.870127463,425530.125,3149535,310,105
106,1,137210,SJ-LJ,Ridge,2F,No,96.42,Moderate,13.24534297,425522.9063,3149753.5,310,106
107,1,136470,SJ-LJ,Ridge,2F,No,96.42,Moderate,20.73648134,425423.2813,3150097.75,310,107
108,1,135730,SJ-LJ,Ridge,2F,No,96.42,Moderate,1.0011203,425558.75,3150351.5,310,108
109,1,216391,SW-QK,Ridge,1F,No,133.31,Low,0.185453887,425604.7188,3108964.5,311,109
110,1,140911,SJ-LJ,Ridge,2F,No,96.42,Moderate,8.471680001,425703.3125,3147910.75,311,110
111,1,140171,SJ-LJ,Ridge,2F,No,96.42,Moderate,10.97766377,425679.1563,3148224,311,111
112,1,139431,SJ-LJ,Ridge,2F,No,96.42,Moderate,5.228124896,425880.0625,3148620.25,311,112
113,1,138691,SJ-LJ,Ridge,2F,No,96.42,Moderate,5.744554723,425935.0625,3148945,311,113
114,1,137951,SJ-LJ,Ridge,2F,No,96.42,Moderate,14.58335954,425887.375,3149408.75,311,114
115,1,137211,SJ-LJ,Ridge,2F,No,96.42,Moderate,35.25991877,425788.1563,3149746.5,311,115
116,1,136471,SJ-LJ,Ridge,2F,No,96.42,Moderate,33.24574725,425775.9063,3150128,311,116
117,1,135731,SJ-LJ,Ridge,2F,No,96.42,Moderate,28.50656192,425823.125,3150491.25,311,117
118,1,134991,SJ-LJ,Ridge,2F,No,96.42,Moderate,17.34366887,425880,3150859,311,118
119,1,134251,SJ-LJ,Ridge,2F,No,96.42,Moderate,2.550645673,425944.2188,3151328.5,311,119
120,1,133511,SJ-LJ,Ridge,2F,No,96.42,Moderate,4.085060459,425941.8125,3151564.5,311,120
121,1,132771,SJ-LJ,Ridge,2F,No,96.42,Moderate,0.206493699,425968.6875,3151859.25,311,121
122,1,139432,SJ-LJ,Ridge,2F,No,96.42,Moderate,14.90353706,426163.5,3148698.75,312,122
123,1,138692,SJ-LJ,Ridge,2F,No,96.42,Moderate,20.46127841,426149.4063,3149046,312,123
124,1,137952,SJ-LJ,Ridge,2F,No,96.42,Moderate,26.9348882,426136.9688,3149331.5,312,124
125,1,137212,SJ-LJ,Ridge,2F,No,96.42,Moderate,3.299365445,426005.625,3149707.25,312,125
126,1,136472,SJ-LJ,Ridge,2F,No,96.42,Moderate,0.719736114,425991,3150132.75,312,126
127,1,135732,SJ-LJ,Ridge,2F,No,96.42,Moderate,5.866607538,426010.9063,3150506.75,312,127
128,1,134992,SJ-LJ,Ridge,2F,No,96.42,Moderate,11.59051697,426048.6563,3150899,312,128
129,1,134252,SJ-LJ,Ridge,2F,No,96.42,Moderate,2.768447421,426005.1875,3151342,312,129
130,1,133512,SJ-LJ,Ridge,2F,No,96.42,Moderate,10.43043577,426054.2188,3151662,312,130
131,1,132772,SJ-LJ,Ridge,2F,No,96.42,Moderate,9.547937307,426128.9375,3152078.25,312,131
132,1,132032,SJ-LJ,Ridge,2F,No,96.42,Moderate,28.49959677,426191.375,3152428,312,132
133,1,131292,SJ-LJ,Ridge,2F,No,96.42,Moderate,7.145213578,426240.7188,3152663,312,133
134,1,139433,SJ-LJ,Ridge,2F,No,96.42,Moderate,5.462724076,426582.25,3148701.25,313,134
135,1,138693,SJ-LJ,Ridge,2F,No,96.42,Moderate,8.408210914,426416.3125,3148963.75,313,135
136,1,137953,SJ-LJ,Ridge,2F,No,96.42,Moderate,1.660419459,426402.2813,3149211.75,313,136
137,1,132773,SJ-LJ,Ridge,2F,No,96.42,Moderate,0.050606592,426365.6875,3152198.25,313,137
138,1,132033,SJ-LJ,Ridge,2F,No,96.42,Moderate,3.987409222,426384.625,3152439.75,313,138
139,1,131293,SJ-LJ,Ridge,2F,No,96.42,Moderate,3.578224507,426392.4063,3152759.5,313,139
140,1,260054,SW-JJ,Ridge,1F,Yes,104.63,Moderate,0.425769892,427106.8125,3086665.25,314,140
141,1,259314,SW-JJ,Ridge,1F,Yes,104.63,Moderate,6.944151255,427055.6875,3086886.25,314,141
142,1,258574,SW-JJ,Ridge,1F,Yes,104.63,Moderate,5.784739054,427032.625,3087178.25,314,142
143,1,139434,SJ-LJ,Ridge,2F,No,96.42,Moderate,12.29165427,426946.0938,3148508.25,314,143
144,1,263015,SW-JJ,Ridge,1F,Yes,104.63,Moderate,0.101712763,427478.8438,3085162.5,315,144
145,1,262275,SW-JJ,Ridge,1F,Yes,104.63,Moderate,9.269771735,427441.375,3085378.75,315,145
146,1,261535,SW-JJ,Ridge,1F,Yes,104.63,Moderate,6.210988181,427452.1875,3085666.75,315,146
147,1,260795,SW-JJ,Ridge,1F,Yes,104.63,Moderate,10.98808155,427435.6875,3086162.5,315,147
148,1,260055,SW-JJ,Ridge,1F,Yes,104.63,Moderate,19.73752335,427311.3438,3086470.75,315,148
149,1,259315,SW-JJ,Ridge,1F,Yes,104.63,Moderate,2.60805074,427164.25,3086749,315,149
150,1,258575,SW-JJ,Ridge,1F,Yes,104.63,Moderate,6.132285736,427260,3087375.75,315,150
151,1,257835,SW-JJ,Ridge,1F,Yes,104.63,Moderate,8.171958089,427399.1875,3087528.75,315,151
152,1,141655,SJ-LJ,Ridge,2F,No,96.42,Moderate,1.757529019,427436.5,3147625,315,152
153,1,140915,SJ-LJ,Ridge,2F,No,96.42,Moderate,3.993855635,427445.4375,3147714.25,315,153
154,1,140175,SJ-LJ,Ridge,2F,No,96.42,Moderate,5.091813039,427289.5313,3148363.5,315,154
155,1,139435,SJ-LJ,Ridge,2F,No,96.42,Moderate,16.56298944,427337.3125,3148506.75,315,155
156,1,263016,SW-JJ,Ridge,1F,Yes,104.63,Moderate,9.023993,427719.25,3085114.25,316,156
157,1,262276,SW-JJ,Ridge,1F,Yes,104.63,Moderate,24.3526823,427642.75,3085332.5,316,157
158,1,261536,SW-JJ,Ridge,1F,Yes,104.63,Moderate,24.2166077,427633.4375,3085748.5,316,158
159,1,260796,SW-JJ,Ridge,1F,Yes,104.63,Moderate,12.5281426,427608.6875,3086048,316,159
160,1,260056,SW-JJ,Ridge,1F,Yes,104.63,Moderate,1.710574114,427529.75,3086403,316,160
161,1,257836,SW-JJ,Ridge,1F,Yes,104.63,Moderate,13.35956906,427687.2188,3087666.25,316,161
162,1,141656,SJ-LJ,Ridge,2F,No,96.42,Moderate,10.85349608,427687.6875,3147570.5,316,162
163,1,140916,SJ-LJ,Ridge,2F,No,96.42,Moderate,8.410805399,427764.8125,3147779.75,316,163
164,1,140176,SJ-LJ,Ridge,2F,No,96.42,Moderate,9.779965173,427755.0313,3148328.5,316,164
165,1,139436,SJ-LJ,Ridge,2F,No,96.42,Moderate,18.72004704,427725.875,3148546,316,165
166,1,263017,SW-JJ,Ridge,1F,Yes,104.63,Moderate,5.721451749,428008,3085085,317,166
167,1,262277,SW-JJ,Ridge,1F,Yes,104.63,Moderate,10.216436,428103.8438,3085337,317,167
168,1,261537,SW-JJ,Ridge,1F,Yes,104.63,Moderate,13.84336955,428125.75,3085787.5,317,168
169,1,260797,SW-JJ,Ridge,1F,Yes,104.63,Moderate,1.626213154,428186.7188,3085956,317,169
170,1,257837,SW-JJ,Ridge,1F,Yes,104.63,Moderate,10.26193952,428060.2813,3087724.5,317,170
171,1,141657,SJ-LJ,Ridge,2F,No,96.42,Moderate,0.359610254,427903.6563,3147633.5,317,171
172,1,140917,SJ-LJ,Ridge,2F,No,96.42,Moderate,7.724664915,427941.5313,3147888.5,317,172
173,1,140177,SJ-LJ,Ridge,2F,No,96.42,Moderate,9.510622974,428002.7813,3148227,317,173
174,1,139437,SJ-LJ,Ridge,2F,No,96.42,Moderate,17.70092248,428056.6563,3148512.25,317,174
175,1,263018,SW-JJ,Ridge,1F,Yes,104.63,Moderate,0.491266621,428277.1563,3085077.75,318,175
176,1,262278,SW-JJ,Ridge,1F,Yes,104.63,Moderate,0.003742874,428265.9063,3085171.75,318,176
177,1,261538,SW-JJ,Ridge,1F,Yes,104.63,Moderate,0.236444079,428283.0625,3085916.5,318,177
178,1,260798,SW-JJ,Ridge,1F,Yes,104.63,Moderate,7.617150798,428372.625,3086034.25,318,178
179,1,260058,SW-JJ,Ridge,1F,Yes,104.63,Moderate,0.177767004,428641.4063,3086582.75,318,179
180,1,259318,SW-JJ,Ridge,1F,Yes,104.63,Moderate,0.621499307,428632.25,3086918.5,318,180
181,1,258578,SW-JJ,Ridge,1F,Yes,104.63,Moderate,6.803156803,428588.8438,3087306.75,318,181
182,1,257838,SW-JJ,Ridge,1F,Yes,104.63,Moderate,20.80764733,428456.6563,3087613,318,182
183,1,257098,SW-JJ,Ridge,1F,Yes,104.63,Moderate,0.420615997,428498.0313,3087849,318,183
184,1,140178,SJ-LJ,Ridge,2F,No,96.42,Moderate,1.841428118,428442.2188,3148391,318,184
185,1,139438,SJ-LJ,Ridge,2F,No,96.42,Moderate,6.502245005,428446.5938,3148454.25,318,185
186,1,260799,SW-JJ,Ridge,1F,Yes,104.63,Moderate,1.105778526,428712.0625,3086150,319,186
187,1,260059,SW-JJ,Ridge,1F,Yes,104.63,Moderate,5.545903114,428759.7188,3086567,319,187
188,1,259319,SW-JJ,Ridge,1F,Yes,104.63,Moderate,9.812788605,428744.1875,3086856.5,319,188
189,1,258579,SW-JJ,Ridge,1F,Yes,104.63,Moderate,2.049473646,428672.75,3087144,319,189
190,1,257839,SW-JJ,Ridge,1F,Yes,104.63,Moderate,5.700256151,428703.4375,3087563.5,319,190
191,1,139439,SJ-LJ,Ridge,2F,No,96.42,Moderate,10.65429294,428831.0938,3148580.5,319,191
192,1,138699,SJ-LJ,Ridge,2F,No,96.42,Moderate,0.525971841,429008.4688,3148818.75,319,192
193,1,133519,SJ-LJ,Ridge,2F,No,96.42,Moderate,0.400593027,428974.6875,3151827.75,319,193
194,1,132779,SJ-LJ,Ridge,2F,No,96.42,Moderate,6.903125475,428950.6563,3151976.5,319,194
195,1,270420,SW-QL,Ridge,1F,No,149.17,Moderate,1.018417835,429176.5,3081176.75,320,195
196,1,269680,SW-QL,Ridge,1F,No,149.17,Moderate,0.807485076,429274.1875,3081434.25,320,196
197,1,139440,SJ-LJ,Ridge,2F,No,96.42,Moderate,0.001037766,429028.3125,3148792.75,320,197
198,1,138700,SJ-LJ,Ridge,2F,No,96.42,Moderate,10.72305345,429235.25,3149037,320,198
199,1,137960,SJ-LJ,Ridge,2F,No,96.42,Moderate,3.913401493,429344.1875,3149229.75,320,199
200,1,134260,SJ-LJ,Ridge,2F,No,96.42,Moderate,5.376521239,429359.2188,3151315.75,320,200
201,1,132780,SJ-LJ,Ridge,2F,No,96.42,Moderate,0.164425795,429032.0938,3151896.5,320,201
202,1,270421,SW-QL,Ridge,1F,No,149.17,Moderate,0.662130407,429564.0313,3081219.75,321,202
203,1,269681,SW-QL,Ridge,1F,No,149.17,Moderate,0.403115968,429476.9688,3081418.5,321,203
204,1,142401,SJ-QC,Ridge,1F,No,96.74,Moderate,1.654184488,429767.8438,3147163.75,321,204
205,1,141661,SJ-QC,Ridge,1F,No,96.74,Moderate,0.010468006,429787.7188,3147275.75,321,205
206,1,138701,SJ-LJ,Ridge,2F,No,96.42,Moderate,0.443973045,429440.5938,3149161.75,321,206
207,1,137961,SJ-LJ,Ridge,2F,No,96.42,Moderate,7.062593347,429493.0938,3149371.75,321,207
208,1,137221,SJ-LJ,Ridge,2F,No,96.42,Moderate,16.76713231,429684.875,3149746.5,321,208
209,1,136481,SJ-LJ,Ridge,2F,No,96.42,Moderate,14.80917688,429691.25,3150090.25,321,209
210,1,135741,SJ-LJ,Ridge,2F,No,96.42,Moderate,12.96064427,429709.375,3150508,321,210
211,1,135001,SJ-LJ,Ridge,2F,No,96.42,Moderate,13.49317902,429663.25,3150941.25,321,211
212,1,134261,SJ-LJ,Ridge,2F,No,96.42,Moderate,21.72268326,429580.4063,3151208.25,321,212
213,1,143142,SJ-QC,Ridge,1F,No,96.74,Moderate,2.092240153,430043.9063,3146823.75,322,213
214,1,142402,SJ-QC,Ridge,1F,No,96.74,Moderate,5.182699894,429840.5938,3147072.75,322,214
215,1,141662,SJ-QC,Ridge,1F,No,96.74,Moderate,6.245206326,429932.2813,3147467.25,322,215
216,1,137222,SJ-LJ,Ridge,2F,No,96.42,Moderate,6.503237573,429836.5625,3149808.75,322,216
217,1,136482,SJ-LJ,Ridge,2F,No,96.42,Moderate,3.956265809,429821.7188,3150054.5,322,217
218,1,135742,SJ-LJ,Ridge,2F,No,96.42,Moderate,7.708497266,429841.1563,3150529.5,322,218
219,1,135002,SJ-LJ,Ridge,2F,No,96.42,Moderate,7.556115327,429893.5,3150971.25,322,219
220,1,134262,SJ-LJ,Ridge,2F,No,96.42,Moderate,9.680089777,429903.4063,3151180,322,220
221,1,154243,SJ-LC,Plain,1A,No,117.96,Moderate,4.936596133,430513.8438,3141034.75,323,221
222,1,153503,SJ-LC,Plain,1A,No,117.96,Moderate,0.177178053,430539.0313,3141186.5,323,222
223,1,143143,SJ-QC,Ridge,1F,No,96.74,Moderate,2.958230156,430352.75,3146745.75,323,223
224,1,141663,SJ-QC,Ridge,1F,No,96.74,Moderate,2.97460238,430365.5313,3147547.75,323,224
225,1,275604,SW-QN,Ridge,1F,No,132.44,Low,10.28067708,430789.5,3078619,324,225
226,1,274864,SW-QN,Ridge,1F,No,132.44,Low,6.405281248,430801.2188,3078738.75,324,226
227,1,272644,SW-QM,Ridge,1F,No,143.52,Low,1.756490502,430894.6875,3080063,324,227
228,1,271904,SW-QM,Ridge,1F,No,143.52,Low,0.204191118,430916.3438,3080240.75,324,228
229,1,154984,SJ-LC,Plain,1A,No,117.96,Moderate,4.936353977,430882.625,3140702.25,324,229
230,1,154244,SJ-LC,Plain,1A,No,117.96,Moderate,30.013488,430727.875,3140977.5,324,230
231,1,153504,SJ-LC,Plain,1A,No,117.96,Moderate,6.398793743,430687.25,3141228,324,231
232,1,143144,SJ-QC,Ridge,1F,No,96.74,Moderate,2.109809766,430702.0938,3146833,324,232
233,1,142404,SJ-QC,Ridge,1F,No,96.74,Moderate,1.806373845,430778.1563,3147047.75,324,233
234,1,141664,SJ-QC,Ridge,1F,No,96.74,Moderate,2.238118307,430674.2813,3147420.75,324,234
235,1,275605,SW-QN,Ridge,1F,No,132.44,Low,3.25103669,430971.75,3078588.75,325,235
236,1,274865,SW-QN,Ridge,1F,No,132.44,Low,2.043454042,431013.8125,3078938.75,325,236
237,1,274125,SW-QN,Ridge,1F,No,132.44,Low,3.004151956,431200.7813,3079234.5,325,237
238,1,273385,SW-QN,Ridge,1F,No,132.44,Low,0.817506296,431241.75,3079552.5,325,238
239,1,272645,SW-QM,Ridge,1F,No,143.52,Low,3.740289621,431125.375,3079956.25,325,239
240,1,271905,SW-QM,Ridge,1F,No,143.52,Low,2.096110183,431140.875,3080296,325,240
241,1,157945,SJ-LC,Plain,1A,No,117.96,Moderate,4.923807889,431107.9063,3139189.25,325,241
242,1,157205,SJ-LC,Plain,1A,No,117.96,Moderate,18.31536239,431204.5313,3139471.75,325,242
243,1,156465,SJ-LC,Plain,1A,No,117.96,Moderate,25.65146595,431174.8125,3139853.5,325,243
244,1,155725,SJ-LC,Plain,1A,No,117.96,Moderate,22.10479118,431191.3125,3140209.75,325,244
245,1,154985,SJ-LC,Plain,1A,No,117.96,Moderate,33.60210392,431132.75,3140611.5,325,245
246,1,154245,SJ-LC,Plain,1A,No,117.96,Moderate,33.77698531,431133.0938,3140976.5,325,246
247,1,153505,SJ-LC,Plain,1A,No,117.96,Moderate,20.84260311,431157.5938,3141302,325,247
248,1,273386,SW-QN,Ridge,1F,No,132.44,Low,1.120382278,431460,3079718.75,326,248
249,1,272646,SW-QM,Ridge,1F,No,143.52,Low,1.413010872,431357.9063,3080103.75,326,249
250,1,271906,SW-QM,Ridge,1F,No,143.52,Low,0.356907874,431334.9375,3080245.75,326,250
251,1,158686,SJ-LC,Plain,1A,No,117.96,Moderate,15.45447454,431596.375,3138718.25,326,251
252,1,157946,SJ-LC,Plain,1A,No,117.96,Moderate,20.68214741,431581.9063,3139094.25,326,252
253,1,157206,SJ-LC,Plain,1A,No,117.96,Moderate,27.95047184,431473.9375,3139456.75,326,253
254,1,156466,SJ-LC,Plain,1A,No,117.96,Moderate,19.7239539,431424.8438,3139813.75,326,254
255,1,155726,SJ-LC,Plain,1A,No,117.96,Moderate,23.13207566,431439.875,3140240.25,326,255
256,1,154986,SJ-LC,Plain,1A,No,117.96,Moderate,35.22033233,431500.5,3140604.25,326,256
257,1,154246,SJ-LC,Plain,1A,No,117.96,Moderate,35.87006428,431503.75,3140983,326,257
258,1,153506,SJ-LC,Plain,1A,No,117.96,Moderate,27.25416397,431497.625,3141324.75,326,258
259,1,275607,SW-QN,Ridge,1F,No,132.44,Low,1.334155224,432018.2188,3078661.25,327,259
260,1,274867,SW-QN,Ridge,1F,No,132.44,Low,2.208780754,431843.875,3078805.25,327,260
261,1,274127,SW-QN,Ridge,1F,No,132.44,Low,0.272786538,432054.0625,3079394.25,327,261
262,1,273387,SW-QN,Ridge,1F,No,132.44,Low,2.508126881,431879.7188,3079730.5,327,262
263,1,272647,SW-QN,Ridge,1F,No,132.44,Low,5.246993906,431889.0938,3079909.75,327,263
264,1,159427,SJ-LC,Plain,1A,No,117.96,Moderate,2.825504912,431948.9375,3138483.5,327,264
265,1,158687,SJ-LC,Plain,1A,No,117.96,Moderate,21.85139413,431844.9375,3138674,327,265
266,1,157947,SJ-LC,Plain,1A,No,117.96,Moderate,9.022498018,431754.5625,3139022.75,327,266
267,1,154987,SJ-LC,Plain,1A,No,117.96,Moderate,0.222218946,431697.5938,3140643.75,327,267
268,1,154247,SJ-LC,Plain,1A,No,117.96,Moderate,4.827600967,431724.75,3141028.5,327,268
269,1,153507,SJ-LC,Plain,1A,No,117.96,Moderate,2.084230125,431720.6563,3141246.25,327,269
270,1,276348,SW-QN,Ridge,1F,No,132.44,Low,1.987994482,432423.0625,3078200.25,328,270
271,1,275608,SW-QN,Ridge,1F,No,132.44,Low,1.382768214,432165.7188,3078668,328,271
272,1,274868,SW-QN,Ridge,1F,No,132.44,Low,1.356119059,432365.5313,3078767.5,328,272
273,1,274128,SW-QN,Ridge,1F,No,132.44,Low,1.365485393,432215.4063,3079193.75,328,273
274,1,273388,SW-QD,Ridge,1F,No,131.22,Low,1.415263072,432314.25,3079551.75,328,274
275,1,272648,SW-QD,Ridge,1F,No,131.22,Low,0.703145524,432436.5625,3080181.25,328,275
276,1,271908,SW-QD,Ridge,1F,No,131.22,Low,12.63927626,432355,3080392,328,276
277,1,159428,SJ-LC,Plain,1A,No,117.96,Moderate,1.229943249,432132.0313,3138484.5,328,277
278,1,158688,SJ-LC,Plain,1A,No,117.96,Moderate,4.524860427,432147.5625,3138577.75,328,278
279,1,277089,SW-QN,Ridge,1F,No,132.44,Low,0.752938696,432801.375,3077907.75,329,279
280,1,276349,SW-QN,Ridge,1F,No,132.44,Low,31.37573015,432654.8125,3078140.25,329,280
281,1,275609,SW-QN,Ridge,1F,No,132.44,Low,20.73833953,432712.8438,3078469.25,329,281
282,1,274869,SW-QN,Ridge,1F,No,132.44,Low,14.73145311,432710.625,3078847.5,329,282
283,1,273389,SW-QD,Ridge,1F,No,131.22,Low,2.065763568,432660.9063,3079513.5,329,283
284,1,272649,SW-QD,Ridge,1F,No,131.22,Low,26.33540152,432678.5625,3080061,329,284
285,1,271909,SW-QD,Ridge,1F,No,131.22,Low,30.80970871,432645.8438,3080381.25,329,285
286,1,277090,SW-QN,Ridge,1F,No,132.44,Low,19.06838194,433097.6875,3077753,330,286
287,1,276350,SW-QN,Ridge,1F,No,132.44,Low,18.32415731,432953.1875,3078078.75,330,287
288,1,275610,SW-QN,Ridge,1F,No,132.44,Low,11.49068237,432899.1875,3078505.75,330,288
289,1,274870,SW-QN,Ridge,1F,No,132.44,Low,6.604396692,432900.375,3078786.75,330,289
290,1,273390,SW-QD,Ridge,1F,No,131.22,Low,12.13617182,432952.0938,3079687,330,290
291,1,272650,SW-QD,Ridge,1F,No,131.22,Low,8.972688493,432896.0938,3080002.25,330,291
292,1,271910,SW-QD,Ridge,1F,No,131.22,Low,3.045500967,432876.875,3080472.75,330,292
293,1,271170,SW-QD,Ridge,1F,No,131.22,Low,0.209584945,432919.4688,3080600.5,330,293
294,1,123910,SJ-QB,Ridge,1F,No,96.54,High,2.005864957,433083.6875,3156697,330,294
295,1,123170,SJ-QB,Ridge,1F,No,96.54,High,2.226685804,433077.3438,3156895.5,330,295
296,1,277091,SW-QN,Ridge,1F,No,132.44,Low,1.809710111,433234.125,3077787.5,331,296
297,1,276351,SW-QN,Ridge,1F,No,132.44,Low,0.019816481,433221.5625,3077933,331,297
298,1,127611,SJ-QB,Ridge,1F,No,96.54,High,0.356023162,433584.3125,3154796.75,331,298
299,1,126871,SJ-QB,Ridge,1F,No,96.54,High,2.41764993,433563.25,3155133,331,299
300,1,126131,SJ-QB,Ridge,1F,No,96.54,High,5.905293028,433513.9375,3155479,331,300
301,1,125391,SJ-QB,Ridge,1F,No,96.54,High,10.56362428,433428.9375,3155882.25,331,301
302,1,124651,SJ-QB,Ridge,1F,No,96.54,High,2.689338352,433498.5,3156074,331,302
303,1,123911,SJ-QB,Ridge,1F,No,96.54,High,2.511055944,433338.25,3156515,331,303
304,1,123171,SJ-QB,Ridge,1F,No,96.54,High,1.163522946,433259.5313,3157115.25,331,304
305,1,122431,SJ-QB,Ridge,1F,No,96.54,High,2.472651086,433385.7813,3157258.5,331,305
306,1,127612,SJ-QB,Ridge,1F,No,96.54,High,3.385012431,433800.2813,3154766.25,332,306
307,1,126872,SJ-QB,Ridge,1F,No,96.54,High,1.406409277,433636.6875,3154951,332,307
308,1,125392,SJ-QB,Ridge,1F,No,96.54,High,5.211247522,433751.3438,3155906.25,332,308
309,1,124652,SJ-QB,Ridge,1F,No,96.54,High,7.704637326,433751.2813,3156241,332,309
310,1,123912,SJ-QB,Ridge,1F,No,96.54,High,3.857198619,433860.4688,3156496.5,332,310
311,1,123172,SJ-QB,Ridge,1F,No,96.54,High,1.31746075,433774.875,3157044.5,332,311
312,1,122432,SJ-QB,Ridge,1F,No,96.54,High,0.386265527,433632.1875,3157211.5,332,312
313,1,127613,SJ-QB,Ridge,1F,No,96.54,High,5.237005445,434146.4688,3154813,333,313
314,1,126873,SJ-QB,Ridge,1F,No,96.54,High,3.094434593,434263.4063,3154979.25,333,314
315,1,125393,SJ-QB,Ridge,1F,No,96.54,High,0.553207757,434005.875,3155914.5,333,315
316,1,124653,SJ-QB,Ridge,1F,No,96.54,High,0.222235046,434160.75,3156392.5,333,316
317,1,123913,SJ-QB,Ridge,1F,No,96.54,High,2.854889367,434165.4688,3156530.25,333,317
318,1,126874,SJ-QB,Ridge,1F,No,96.54,High,3.907440631,434669.125,3155212.75,334,318
319,1,126134,SJ-QB,Ridge,1F,No,96.54,High,6.180601916,434692.4375,3155391,334,319
320,1,125394,SJ-QB,Ridge,1F,No,96.54,High,0.625307592,434729.4688,3155710.25,334,320
321,1,124654,SJ-QB,Ridge,1F,No,96.54,High,0.591604973,434681.5625,3156373,334,321
322,1,123914,SJ-QB,Ridge,1F,No,96.54,High,2.379784303,434531.375,3156574.5,334,322
323,1,186815,SW-N7,Plain,1A,No,125.84,High,14.7984213,434943.7188,3124219.25,335,323
324,1,126875,SJ-QB,Ridge,1F,No,96.54,High,10.31505365,434932.75,3155215.75,335,324
325,1,126135,SJ-QB,Ridge,1F,No,96.54,High,35.35602393,434935.25,3155460.25,335,325
326,1,125395,SJ-QB,Ridge,1F,No,96.54,High,7.058780088,434938.3438,3155690.25,335,326
327,1,124655,SJ-QB,Ridge,1F,No,96.54,High,2.875128852,434967.7188,3156279.25,335,327
328,1,123915,SJ-QB,Ridge,1F,No,96.54,High,0.074114692,435014.5,3156418.75,335,328
329,1,186816,SW-N7,Plain,1A,No,125.84,High,0.043035707,435126.2188,3124233.75,336,329
330,1,126876,SJ-QB,Ridge,1F,No,96.54,High,10.5167654,435307.1875,3155195,336,330
331,1,126136,SJ-QB,Ridge,1F,No,96.54,High,20.89803218,435243.625,3155432.5,336,331
332,1,125396,SJ-QB,Ridge,1F,No,96.54,High,10.45515154,435248,3155798.5,336,332
333,1,123916,SJ-QB,Ridge,1F,No,96.54,High,7.372530433,435324.625,3156637.75,336,333
334,1,123176,SJ-QB,Ridge,1F,No,96.54,High,0.510341183,435418.7188,3156829,336,334
335,1,122436,SJ-QB,Ridge,1F,No,96.54,High,2.144846187,435481.4375,3157362.5,336,335
336,1,121696,SJ-QB,Ridge,1F,No,96.54,High,0.879647484,435493.4375,3157639.5,336,336
337,1,126877,SJ-QB,Ridge,1F,No,96.54,High,5.079195902,435688.4063,3155209.75,337,337
338,1,122437,SJ-QB,Ridge,1F,No,96.54,High,0.279827419,435509.3125,3157301.5,337,338
339,1,121697,SJ-QB,Ridge,1F,No,96.54,High,2.197517685,435557.9375,3157792,337,339
340,1,130578,SJ-LE,Ridge,1F,No,95.8,High,0.593464797,436254.2813,3153267,338,340
341,1,129838,SJ-LE,Ridge,1F,No,95.8,High,0.774329846,436230.0625,3153387.5,338,341
342,1,126878,SJ-QB,Ridge,1F,No,96.54,High,1.351117187,435949.4375,3155219.5,338,342
343,1,126138,SJ-QB,Ridge,1F,No,96.54,High,2.364428036,436153.9688,3155378.5,338,343
344,1,125398,SJ-QB,Ridge,1F,No,96.54,High,6.063434153,436215.1875,3155806.75,338,344
345,1,124658,SJ-QB,Ridge,1F,No,96.54,High,0.099299732,436261.875,3156052.75,338,345
346,1,122438,SJ-QB,Ridge,1F,No,96.54,High,4.445952633,436199.6875,3157404.75,338,346
347,1,121698,SJ-QB,Ridge,1F,No,96.54,High,3.786797892,436045.4375,3157655.5,338,347
348,1,130579,SJ-LE,Ridge,1F,No,95.8,High,7.201730469,436423.2188,3153249,339,348
349,1,129839,SJ-LE,Ridge,1F,No,95.8,High,5.05028295,436469.75,3153438.25,339,349
350,1,126139,SJ-QB,Ridge,1F,No,96.54,High,10.88236144,436507.0313,3155531.5,339,350
351,1,125399,SJ-QB,Ridge,1F,No,96.54,High,28.96015978,436467.4063,3155847,339,351
352,1,124659,SJ-QB,Ridge,1F,No,96.54,High,5.095937347,436344.4375,3156233.25,339,352
353,1,123919,SJ-QB,Ridge,1F,No,96.54,High,3.279539377,436524.6875,3156474.25,339,353
354,1,123179,SJ-QB,Ridge,1F,No,96.54,High,3.45021E-06,436554.125,3157092.5,339,354
355,1,122439,SJ-QB,Ridge,1F,No,96.54,High,2.192924769,436417.4688,3157410.25,339,355
356,1,121699,SJ-QB,Ridge,1F,No,96.54,High,1.266568355,436432.2188,3157623.75,339,356
357,1,130580,SJ-LE,Ridge,1F,No,95.8,High,1.453245336,436729.4063,3153278.25,340,357
358,1,129840,SJ-LE,Ridge,1F,No,95.8,High,13.86332389,436864.5625,3153587.25,340,358
359,1,129100,SJ-LE,Ridge,1F,No,95.8,High,16.84675714,436819.375,3153921.5,340,359
360,1,128360,SJ-LE,Ridge,1F,No,95.8,High,3.862398412,436917.0313,3154173.5,340,360
361,1,126880,SJ-QB,Ridge,1F,No,96.54,High,0.098356844,437015.8438,3155263.25,340,361
362,1,126140,SJ-QB,Ridge,1F,No,96.54,High,20.69255799,436834.9063,3155512.25,340,362
363,1,125400,SJ-QB,Ridge,1F,No,96.54,High,30.11797924,436847,3155812.5,340,363
364,1,124660,SJ-QB,Ridge,1F,No,96.54,High,1.588171888,436836.3438,3156365.25,340,364
365,1,123920,SJ-QB,Ridge,1F,No,96.54,High,0.567703518,436665.0625,3156503.5,340,365
366,1,122440,SJ-QB,Ridge,1F,No,96.54,High,0.403101807,436677.4688,3157420,340,366
367,1,121700,SJ-QB,Ridge,1F,No,96.54,High,2.778692444,436792.5625,3157670.5,340,367
368,1,129841,SJ-LE,Ridge,1F,No,95.8,High,0.088632977,437034.0625,3153732.75,341,368
369,1,129101,SJ-LE,Ridge,1F,No,95.8,High,7.033334031,437188.3438,3153929.5,341,369
370,1,128361,SJ-LE,Ridge,1F,No,95.8,High,5.821893443,437202.7813,3154277.75,341,370
371,1,127621,SJ-QB,Ridge,1F,No,96.54,High,2.163181564,437299.875,3154715,341,371
372,1,126881,SJ-QB,Ridge,1F,No,96.54,High,2.466830931,437117.9375,3155069.75,341,372
373,1,126141,SJ-QB,Ridge,1F,No,96.54,High,2.046068925,437060.6563,3155569.5,341,373
374,1,125401,SJ-QB,Ridge,1F,No,96.54,High,6.688934876,437074.0625,3155815.5,341,374
375,1,123181,SJ-QB,Ridge,1F,No,96.54,High,8.19552E-07,437087.1875,3156838.5,341,375
376,1,129102,SJ-LE,Ridge,1F,No,95.8,High,0.338196388,437427.625,3154111,342,376
377,1,128362,SJ-LE,Ridge,1F,No,95.8,High,13.81569553,437617.5625,3154299.5,342,377
378,1,127622,SJ-QB,Ridge,1F,No,96.54,High,1.112406188,437490.4688,3154746.75,342,378
379,1,126882,SJ-QB,Ridge,1F,No,96.54,High,1.379978891,437628.3438,3154979,342,379
380,1,122442,SJ-QB,Ridge,1F,No,96.54,High,0.992889145,437482.9688,3157512.75,342,380
381,1,121702,SJ-QB,Ridge,1F,No,96.54,High,2.021487459,437658.2813,3157600.5,342,381
382,1,129103,SJ-LE,Ridge,1F,No,95.8,High,16.55987758,437986.75,3154035.25,343,382
383,1,128363,SJ-LE,Ridge,1F,No,95.8,High,15.59038462,437967.375,3154216,343,383
384,1,126883,SJ-QB,Ridge,1F,No,96.54,High,0.674785587,437952.625,3155060,343,384
385,1,122443,SJ-QB,Ridge,1F,No,96.54,High,0.30672884,438111.375,3157552,343,385
386,1,121703,SJ-QB,Ridge,1F,No,96.54,High,2.977066058,437967.125,3157613.75,343,386
387,1,129104,SJ-LE,Ridge,1F,No,95.8,High,6.914368276,438302.1563,3154074.25,344,387
388,1,128364,SJ-LE,Ridge,1F,No,95.8,High,25.49995925,438395.125,3154294,344,388
389,1,127624,SJ-LE,Ridge,1F,No,95.8,High,2.65773769,438447.8125,3154533.25,344,389
390,1,126884,SJ-QB,Ridge,1F,No,96.54,High,0.076842356,438446.4375,3155013.5,344,390
391,1,122444,SJ-QB,Ridge,1F,No,96.54,High,0.097363393,438187.4375,3157551,344,391
392,1,121704,SJ-QB,Ridge,1F,No,96.54,High,4.70845366,438366.5,3157698.75,344,392
393,1,129105,SJ-LE,Ridge,1F,No,95.8,High,0.034123404,438859.6563,3154125.5,345,393
394,1,128365,SJ-LE,Ridge,1F,No,95.8,High,31.04659998,438743,3154341.5,345,394
395,1,127625,SJ-LE,Ridge,1F,No,95.8,High,15.3670089,438763.4375,3154594.25,345,395
396,1,126885,SJ-QB,Ridge,1F,No,96.54,High,0.072298531,438637.0313,3154925.25,345,396
397,1,125405,SJ-QB,Ridge,1F,No,96.54,High,3.660884285,438890.8125,3155942.75,345,397
398,1,124665,SJ-QB,Ridge,1F,No,96.54,High,11.10339348,438842.4063,3156248.5,345,398
399,1,123925,SJ-QB,Ridge,1F,No,96.54,High,14.42633048,438813.2813,3156661.25,345,399
400,1,123185,SJ-QB,Ridge,1F,No,96.54,High,12.06748206,438839.5625,3156951.5,345,400
401,1,122445,SJ-QB,Ridge,1F,No,96.54,High,6.842363257,438884.0938,3157394.75,345,401
402,1,121705,SJ-QB,Ridge,1F,No,96.54,High,15.3679269,438798.9063,3157718,345,402
403,1,128366,SJ-LE,Ridge,1F,No,95.8,High,7.999412818,438987.125,3154359.75,346,403
404,1,127626,SJ-LE,Ridge,1F,No,95.8,High,5.458633235,438989.5,3154607,346,404
405,1,125406,SJ-QB,Ridge,1F,No,96.54,High,14.00193212,439113.375,3155957.25,346,405
406,1,124666,SJ-QB,Ridge,1F,No,96.54,High,27.7712977,439134.9375,3156208.5,346,406
407,1,123926,SJ-QB,Ridge,1F,No,96.54,High,11.17542071,439162.75,3156679.75,346,407
408,1,123186,SJ-QB,Ridge,1F,No,96.54,High,28.93687796,439136.1875,3157004,346,408
409,1,122446,SJ-QB,Ridge,1F,No,96.54,High,35.87006428,439123.75,3157366,346,409
410,1,121706,SJ-QB,Ridge,1F,No,96.54,High,18.58614959,439087.7188,3157671.5,346,410
411,1,125407,SJ-QB,Ridge,1F,No,96.54,High,10.99648938,439473.3438,3155966,347,411
412,1,124667,SJ-QB,Ridge,1F,No,96.54,High,35.87006428,439504.75,3156223,347,412
413,1,123927,SJ-QB,Ridge,1F,No,96.54,High,33.24657785,439495.7813,3156593.75,347,413
414,1,123187,SJ-QB,Ridge,1F,No,96.54,High,31.27463328,439503.8438,3156983.5,347,414
415,1,122447,SJ-QB,Ridge,1F,No,96.54,High,15.70457378,439498.8438,3157415.25,347,415
416,1,121707,SJ-QB,Ridge,1F,No,96.54,High,18.43686348,439504.0938,3157657.25,347,416
417,1,125408,SJ-QB,Ridge,1F,No,96.54,High,7.207165737,439826.375,3155978.75,348,417
418,1,124668,SJ-QB,Ridge,1F,No,96.54,High,26.38965221,439879.3438,3156240.5,348,418
419,1,123928,SJ-QB,Ridge,1F,No,96.54,High,22.03886502,439829.4688,3156579,348,419
420,1,123188,SJ-QB,Ridge,1F,No,96.54,High,22.31908465,439912.8438,3157010,348,420
421,1,122448,SJ-QB,Ridge,1F,No,96.54,High,21.4681832,439864.4688,3157327,348,421
422,1,121708,SJ-QB,Ridge,1F,No,96.54,High,2.533904978,439746.4063,3157602.75,348,422
423,1,125409,SJ-QB,Ridge,1F,No,96.54,High,3.704462401,440209.8125,3156006.25,349,423
424,1,124669,SJ-QB,Ridge,1F,No,96.54,High,15.49153747,440198.875,3156152.75,349,424
425,1,123929,SJ-QB,Ridge,1F,No,96.54,High,4.668538718,440160.4688,3156535.5,349,425
426,1,123189,SJ-QB,Ridge,1F,No,96.54,High,7.382076087,440123.1875,3157025,349,426
427,1,122449,SJ-QB,Ridge,1F,No,96.54,High,4.200272786,440136.1563,3157240,349,427
428,1,124670,SJ-QB,Ridge,1F,No,96.54,High,0.023933663,440461.6563,3156131.5,350,428
429,1,288211,SW-QQ,Ridge,1F,Yes,120.26,Low,9.89632E-05,441219.0938,3071848,351,429
430,1,286731,SW-QQ,Ridge,1F,Yes,120.26,Low,2.893432274,441200.6563,3072816.75,351,430
431,1,285991,SW-QQ,Ridge,1F,Yes,120.26,Low,0.617793974,441200.3438,3073007.5,351,431
432,1,283771,SW-QQ,Ridge,1F,Yes,120.26,Low,1.896882132,441200.125,3074394.75,351,432
433,1,283031,SW-QQ,Ridge,1F,Yes,120.26,Low,2.29608191,441201.5313,3074627.25,351,433
434,1,280811,SW-QQ,Ridge,1F,Yes,120.26,Low,1.005017973,441204.3438,3075954.75,351,434
435,1,280071,SW-QQ,Ridge,1F,Yes,120.26,Low,2.846341499,441204.125,3076214,351,435
436,1,279331,SW-QQ,Ridge,1F,Yes,120.26,Low,1.79491763,441205.5313,3076527.5,351,436
437,1,289692,SW-QQ,Ridge,1F,Yes,120.26,Low,11.06725355,441510.0938,3071337.75,352,437
438,1,288952,SW-QQ,Ridge,1F,Yes,120.26,Low,28.09275485,441430.9688,3071646.75,352,438
439,1,288212,SW-QQ,Ridge,1F,Yes,120.26,Low,10.69298167,441363.3125,3072013.5,352,439
440,1,287472,SW-QQ,Ridge,1F,Yes,120.26,Low,21.14927021,441413.4063,3072435.5,352,440
441,1,286732,SW-QQ,Ridge,1F,Yes,120.26,Low,31.48941585,441419.375,3072782.25,352,441
442,1,285992,SW-QQ,Ridge,1F,Yes,120.26,Low,3.841264894,441418.1563,3073010.5,352,442
443,1,283772,SW-QQ,Ridge,1F,Yes,120.26,Low,4.26627062,441278.4375,3074433.25,352,443
444,1,283032,SW-QQ,Ridge,1F,Yes,120.26,Low,30.68988662,441410.5938,3074689.5,352,444
445,1,282292,SW-QQ,Ridge,1F,Yes,120.26,Low,15.28727187,441497.7188,3075077,352,445
446,1,281552,SW-QQ,Ridge,1F,Yes,120.26,Low,13.71571079,441499.9688,3075481,352,446
447,1,280812,SW-QQ,Ridge,1F,Yes,120.26,Low,29.63126644,441415.875,3075846.25,352,447
448,1,280072,SW-QQ,Ridge,1F,Yes,120.26,Low,35.87006428,441409.75,3076213,352,448
449,1,279332,SW-QQ,Ridge,1F,Yes,120.26,Low,28.21728218,441422.8125,3076556.75,352,449
450,1,278592,SW-QQ,Ridge,1F,Yes,120.26,Low,9.526083204,441476.5625,3076920.25,352,450
451,1,256392,SW-N9,Ridge,1B,No,129.33,High,7.662690584,441313.4375,3088463.5,352,451
452,1,255652,SW-N9,Ridge,1B,No,129.33,High,0.920483301,441315.7813,3088622.75,352,452
453,1,290433,SW-QQ,Ridge,1F,Yes,120.26,Low,2.873215529,441923.625,3071012.5,353,453
454,1,289693,SW-QQ,Ridge,1F,Yes,120.26,Low,25.82465123,441779.5938,3071256,353,454
455,1,288953,SW-QQ,Ridge,1F,Yes,120.26,Low,3.313007394,441645.8438,3071518.25,353,455
456,1,287473,SW-QQ,Ridge,1F,Yes,120.26,Low,0.14600431,441616.5625,3072579.25,353,456
457,1,286733,SW-QQ,Ridge,1F,Yes,120.26,Low,21.87589626,441745.4375,3072826.75,353,457
458,1,285993,SW-QQ,Ridge,1F,Yes,120.26,Low,26.78449669,441826.4063,3073133.25,353,458
459,1,285253,SW-QQ,Ridge,1F,Yes,120.26,Low,7.835718146,441785.5313,3073573.5,353,459
460,1,284513,SW-QQ,Ridge,1F,Yes,120.26,Low,15.00305714,441844.4063,3073921.25,353,460
461,1,283773,SW-QQ,Ridge,1F,Yes,120.26,Low,2.306237186,441941.1563,3074264.25,353,461
462,1,283033,SW-QQ,Ridge,1F,Yes,120.26,Low,32.40215106,441800.625,3074706,353,462
463,1,282293,SW-QQ,Ridge,1F,Yes,120.26,Low,34.34579217,441797.5313,3075063.5,353,463
464,1,281553,SW-QQ,Ridge,1F,Yes,120.26,Low,24.6936007,441763.5625,3075411,353,464
465,1,280813,SW-QQ,Ridge,1F,Yes,120.26,Low,7.561777531,441688.2188,3075834.75,353,465
466,1,280073,SW-QQ,Ridge,1F,Yes,120.26,Low,5.164304327,441633.5625,3076205,353,466
467,1,279333,SW-QQ,Ridge,1F,Yes,120.26,Low,2.929256176,441616.125,3076589.5,353,467
468,1,278593,SW-QQ,Ridge,1F,Yes,120.26,Low,3.201877935,441623.2813,3077018.5,353,468
469,1,277853,SW-QQ,Ridge,1F,Yes,120.26,Low,4.400785083,441734.9375,3077332.75,353,469
470,1,277113,SW-QQ,Ridge,1F,Yes,120.26,Low,1.57632517,441902.1563,3077615.5,353,470
471,1,291174,SW-QQ,Ridge,1F,Yes,120.26,Low,0.900846671,442318.5313,3070669.75,354,471
472,1,290434,SW-QQ,Ridge,1F,Yes,120.26,Low,30.92691977,442190.2188,3070898.5,354,472
473,1,289694,SW-QQ,Ridge,1F,Yes,120.26,Low,16.22032173,442176.8438,3071156.5,354,473
474,1,286734,SW-QQ,Ridge,1F,Yes,120.26,Low,8.896445751,442187.125,3072926,354,474
475,1,285994,SW-QQ,Ridge,1F,Yes,120.26,Low,35.87006428,442171.75,3073165,354,475
476,1,285254,SW-QQ,Ridge,1F,Yes,120.26,Low,23.50778669,442196.9688,3073490,354,476
477,1,284514,SW-QQ,Ridge,1F,Yes,120.26,Low,23.27311504,442202.25,3073981,354,477
478,1,283774,SW-QQ,Ridge,1F,Yes,120.26,Low,27.70732311,442205.8438,3074306.25,354,478
479,1,283034,SW-QQ,Ridge,1F,Yes,120.26,Low,35.65521932,442171.375,3074688,354,479
480,1,282294,SW-QQ,Ridge,1F,Yes,120.26,Low,25.13950538,442128.4375,3075041.5,354,480
481,1,281554,SW-QQ,Ridge,1F,Yes,120.26,Low,0.881908805,442016.25,3075289,354,481
482,1,277114,SW-QQ,Ridge,1F,Yes,120.26,Low,4.044877564,442168.3438,3077845.5,354,482
483,1,276374,SW-QQ,Ridge,1F,Yes,120.26,Low,1.91682884,442305.5313,3077958,354,483
484,1,310415,SW-N8,Ridge,1B,No,119.11,Low,0.576629249,442709.4063,3060766.25,355,484
485,1,309675,SW-N8,Ridge,1B,No,119.11,Low,1.967299293,442707.5313,3060833.5,355,485
486,1,307455,SW-QJ,Ridge,1F,No,105.06,Low,3.392049623,442701.125,3062232.25,355,486
487,1,306715,SW-QJ,Ridge,1F,No,105.06,Low,2.988926049,442691.2813,3062361,355,487
488,1,291175,SW-QQ,Ridge,1F,Yes,120.26,Low,1.137669496,442409.5313,3070665.75,355,488
489,1,290435,SW-QQ,Ridge,1F,Yes,120.26,Low,21.73963577,442487.625,3070901.25,355,489
490,1,289695,SW-QQ,Ridge,1F,Yes,120.26,Low,29.12177585,442565.75,3071232.25,355,490
491,1,288955,SW-QQ,Ridge,1F,Yes,120.26,Low,0.027632535,442702.9063,3071454.75,355,491
492,1,287475,SW-QQ,Ridge,1F,Yes,120.26,Low,6.50090817,442694.1563,3072461,355,492
493,1,286735,SW-QQ,Ridge,1F,Yes,120.26,Low,25.51572596,442582.0938,3072825,355,493
494,1,285995,SW-QQ,Ridge,1F,Yes,120.26,Low,26.53113111,442509.4688,3073143,355,494
495,1,285255,SW-QQ,Ridge,1F,Yes,120.26,Low,22.18578523,442480.8438,3073554,355,495
496,1,284515,SW-QQ,Ridge,1F,Yes,120.26,Low,22.36996891,442481.2188,3073924.5,355,496
497,1,283775,SW-QQ,Ridge,1F,Yes,120.26,Low,30.64426019,442529.125,3074325,355,497
498,1,283035,SW-QQ,Ridge,1F,Yes,120.26,Low,25.64669807,442519,3074648.25,355,498
499,1,282295,SW-QQ,Ridge,1F,Yes,120.26,Low,0.431017632,442375.1875,3074959.25,355,499
500,1,277115,SW-QQ,Ridge,1F,Yes,120.26,Low,1.04954187,442571.0938,3077912.25,355,500
501,1,276375,SW-QQ,Ridge,1F,Yes,120.26,Low,11.77024955,442583.125,3078017.25,355,501
502,1,275635,SW-QQ,Ridge,1F,Yes,120.26,Low,0.536896895,442716.8438,3078536.25,355,502
503,1,274895,SW-QQ,Ridge,1F,Yes,120.26,Low,9.972365482,442636.5,3078783,355,503
504,1,310416,SW-N8,Ridge,1B,No,119.11,Low,7.566719285,442907.2188,3060730.75,356,504
505,1,309676,SW-N8,Ridge,1B,No,119.11,Low,21.22016455,442931.875,3060896.5,356,505
506,1,308196,SW-QJ,Ridge,1F,No,105.06,Low,1.964916914,443064.5938,3061805.5,356,506
507,1,307456,SW-QJ,Ridge,1F,No,105.06,Low,15.10709727,442905.1875,3062169.5,356,507
508,1,306716,SW-QJ,Ridge,1F,No,105.06,Low,2.010672121,442793.6563,3062348.5,356,508
509,1,305976,SW-QJ,Ridge,1F,No,105.06,Low,3.518540036,443060.5625,3062907,356,509
510,1,289696,SW-QQ,Ridge,1F,Yes,120.26,Low,6.703011413,442841.4688,3071235.75,356,510
511,1,288216,SW-QQ,Ridge,1F,Yes,120.26,Low,0.38810612,442916.2813,3072205,356,511
512,1,287476,SW-QQ,Ridge,1F,Yes,120.26,Low,32.95481807,442927.125,3072416.75,356,512
513,1,286736,SW-QQ,Ridge,1F,Yes,120.26,Low,13.67881305,442877.7813,3072700,356,513
514,1,285996,SW-QQ,Ridge,1F,Yes,120.26,Low,0.007100756,442744.9375,3072978.25,356,514
515,1,283776,SW-QQ,Ridge,1F,Yes,120.26,Low,3.485760324,442807.8438,3074449.5,356,515
516,1,283036,SW-QQ,Ridge,1F,Yes,120.26,Low,3.734303136,442817.375,3074545.75,356,516
517,1,277116,SW-QQ,Ridge,1F,Yes,120.26,Low,0.676910609,442806.4375,3077909.25,356,517
518,1,276376,SW-QQ,Ridge,1F,Yes,120.26,Low,34.45765983,442928.5938,3078125,356,518
519,1,275636,SW-QQ,Ridge,1F,Yes,120.26,Low,22.99697883,442916.3125,3078455.25,356,519
520,1,274896,SW-QQ,Ridge,1F,Yes,120.26,Low,3.496071059,442785.6875,3078767.5,356,520
521,1,261576,SW-MM,Ridge,1F,No,110.38,Moderate,1.316386956,443054.9375,3085836,356,521
522,1,260836,SW-MM,Ridge,1F,No,110.38,Moderate,3.084201747,442968.625,3086076.5,356,522
523,1,260096,SW-MM,Ridge,1F,No,110.38,Moderate,0.969978138,442939.9063,3086421.25,356,523
524,1,309677,SW-N8,Ridge,1B,No,119.11,Low,0.152700071,443127.2188,3060843.75,357,524
525,1,308937,SW-QJ,Ridge,1F,No,105.06,Low,2.459309125,443427.5625,3061383.25,357,525
526,1,308197,SW-QJ,Ridge,1F,No,105.06,Low,0.189097923,443138.5313,3061686.25,357,526
527,1,307457,SW-QJ,Ridge,1F,No,105.06,Low,0.015346917,443127.5,3062302.25,357,527
528,1,306717,SW-QJ,Ridge,1F,No,105.06,Low,7.554492815,443324.875,3062538.5,357,528
529,1,305977,SW-QJ,Ridge,1F,No,105.06,Low,14.34989751,443255.0313,3062851.5,357,529
530,1,289697,SW-QQ,Ridge,1F,Yes,120.26,Low,0.759479853,443288.5625,3071096,357,530
531,1,287477,SW-QQ,Ridge,1F,Yes,120.26,Low,22.05316703,443306.125,3072473.5,357,531
532,1,286737,SW-QQ,Ridge,1F,Yes,120.26,Low,3.604346157,443293.4063,3072615,357,532
533,1,285257,SW-QQ,Ridge,1F,Yes,120.26,Low,0.262044812,443493.5938,3073627.5,357,533
534,1,276377,SW-QQ,Ridge,1F,Yes,120.26,Low,8.82604115,443183.5625,3078125,357,534
535,1,275637,SW-QQ,Ridge,1F,Yes,120.26,Low,4.401148602,443189.3438,3078421.25,357,535
536,1,261577,SW-MM,Ridge,1F,No,110.38,Moderate,1.476759537,443235.0938,3085897.25,357,536
537,1,260837,SW-MM,Ridge,1F,No,110.38,Moderate,1.012965086,443418.5313,3085943,357,537
538,1,308938,SW-QJ,Ridge,1F,No,105.06,Low,15.55421031,443707.8438,3061310,358,538
539,1,306718,SW-QJ,Ridge,1F,No,105.06,Low,10.74434415,443771.6563,3062589.75,358,539
540,1,305978,SW-QJ,Ridge,1F,No,105.06,Low,5.088969188,443791.875,3062744.75,358,540
541,1,291178,SW-QQ,Ridge,1F,Yes,120.26,Low,1.850073977,443864.0938,3070612.25,358,541
542,1,290438,SW-QQ,Ridge,1F,Yes,120.26,Low,13.68704421,443759,3070921.25,358,542
543,1,289698,SW-QQ,Ridge,1F,Yes,120.26,Low,5.505150903,443772,3071114.25,358,543
544,1,288218,SW-QQ,Ridge,1F,Yes,120.26,Low,2.126225631,443838.9063,3072171.75,358,544
545,1,287478,SW-QQ,Ridge,1F,Yes,120.26,Low,16.21307146,443705.875,3072369,358,545
546,1,286738,SW-QQ,Ridge,1F,Yes,120.26,Low,2.138679636,443657.3438,3072707.25,358,546
547,1,285998,SW-QQ,Ridge,1F,Yes,120.26,Low,8.786540872,443813.5,3073183.25,358,547
548,1,285258,SW-QQ,Ridge,1F,Yes,120.26,Low,12.35511934,443652.6563,3073538.25,358,548
549,1,284518,SW-QQ,Ridge,1F,Yes,120.26,Low,5.775512497,443774.4688,3073861.5,358,549
550,1,283778,SW-QQ,Ridge,1F,Yes,120.26,Low,0.092369321,443880.8438,3074466,358,550
551,1,283038,SW-QQ,Ridge,1F,Yes,120.26,Low,0.822294278,443863.9063,3074846.5,358,551
552,1,282298,SW-QQ,Ridge,1F,Yes,120.26,Low,14.89723475,443803.75,3075091.5,358,552
553,1,281558,SW-QQ,Ridge,1F,Yes,120.26,Low,14.57901612,443807.3125,3075435.75,358,553
554,1,280818,SW-QQ,Ridge,1F,Yes,120.26,Low,7.705620031,443842.3438,3075802.5,358,554
555,1,280078,SW-QQ,Ridge,1F,Yes,120.26,Low,5.108998245,443858.5313,3076225.25,358,555
556,1,279338,SW-QQ,Ridge,1F,Yes,120.26,Low,2.154314738,443861.4688,3076484.75,358,556
557,1,277858,SW-QQ,Ridge,1F,Yes,120.26,Low,4.107559698,443706.6875,3077489.75,358,557
558,1,277118,SW-QQ,Ridge,1F,Yes,120.26,Low,20.09157752,443764.625,3077747.75,358,558
559,1,276378,SW-QQ,Ridge,1F,Yes,120.26,Low,11.1404693,443751.875,3078038.75,358,559
560,1,275638,SW-QQ,Ridge,1F,Yes,120.26,Low,3.597606531,443737.9375,3078443.5,358,560
561,1,274898,SW-QQ,Ridge,1F,Yes,120.26,Low,1.304940667,443756.8125,3078885.25,358,561
562,1,274158,SW-QQ,Ridge,1F,Yes,120.26,Low,0.816309325,443839.25,3079168.25,358,562
563,1,260838,SW-MM,Ridge,1F,No,110.38,Moderate,2.862267128,443730,3086038.25,358,563
564,1,259358,SW-MM,Ridge,1F,No,110.38,Moderate,2.758269874,443795.5938,3086903.25,358,564
565,1,309679,SW-QJ,Ridge,1F,No,105.06,Low,5.205587011,444225.2813,3061006,359,565
566,1,308939,SW-QJ,Ridge,1F,No,105.06,Low,18.0815751,444088.3125,3061313.5,359,566
567,1,308199,SW-QJ,Ridge,1F,No,105.06,Low,2.460906141,444234.6563,3061649.5,359,567
568,1,307459,SW-QJ,Ridge,1F,No,105.06,Low,5.891047241,444184.9375,3062180,359,568
569,1,306719,SW-QJ,Ridge,1F,No,105.06,Low,2.952648094,443966.3125,3062434,359,569
570,1,305979,SW-QJ,Ridge,1F,No,105.06,Low,0.309553577,443898.25,3062711,359,570
571,1,291179,SW-QQ,Ridge,1F,Yes,120.26,Low,23.79703711,444079.1563,3070529,359,571
572,1,290439,SW-QQ,Ridge,1F,Yes,120.26,Low,10.18636466,444017.875,3070896.5,359,572
573,1,289699,SW-QQ,Ridge,1F,Yes,120.26,Low,14.16556259,444039.4063,3071234.75,359,573
574,1,288959,SW-QQ,Ridge,1F,Yes,120.26,Low,12.09977845,444121.125,3071632.75,359,574
575,1,288219,SW-QQ,Ridge,1F,Yes,120.26,Low,19.50187669,444038.5625,3072039.75,359,575
576,1,287479,SW-QQ,Ridge,1F,Yes,120.26,Low,16.73703021,443984.4375,3072398.75,359,576
577,1,286739,SW-QQ,Ridge,1F,Yes,120.26,Low,15.28663944,443999.1875,3072803.25,359,577
578,1,285999,SW-QQ,Ridge,1F,Yes,120.26,Low,5.81522567,443958.2813,3073048,359,578
579,1,284519,SW-QQ,Ridge,1F,Yes,120.26,Low,23.76593269,444084.5938,3073935,359,579
580,1,283779,SW-QQ,Ridge,1F,Yes,120.26,Low,1.759700328,443979.125,3074471.5,359,580
581,1,283039,SW-QQ,Ridge,1F,Yes,120.26,Low,33.68079517,444079.5938,3074697.75,359,581
582,1,282299,SW-QQ,Ridge,1F,Yes,120.26,Low,30.39073062,444054.5,3075049,359,582
583,1,281559,SW-QQ,Ridge,1F,Yes,120.26,Low,19.52439413,443994.4688,3075440,359,583
584,1,280819,SW-QQ,Ridge,1F,Yes,120.26,Low,19.76169821,444001.1875,3075803.5,359,584
585,1,280079,SW-QQ,Ridge,1F,Yes,120.26,Low,27.68359835,444055.6875,3076235.5,359,585
586,1,279339,SW-QQ,Ridge,1F,Yes,120.26,Low,9.782834954,444007.875,3076476.25,359,586
587,1,277119,SW-QQ,Ridge,1F,Yes,120.26,Low,4.758368613,443949.9063,3077860,359,587
588,1,276379,SW-QQ,Ridge,1F,Yes,120.26,Low,24.37978911,444057.9375,3078097,359,588
589,1,275639,SW-QQ,Ridge,1F,Yes,120.26,Low,0.580442026,443914.9375,3078328.5,359,589
590,1,274159,SW-QQ,Ridge,1F,Yes,120.26,Low,0.80768046,443945.0938,3079356.25,359,590
591,1,273419,SW-QQ,Ridge,1F,Yes,120.26,Low,1.385644978,444125.5313,3079572.25,359,591
592,1,260839,SW-MM,Ridge,1F,No,110.38,Moderate,3.285565058,444058.3125,3086186.75,359,592
593,1,259359,SW-MM,Ridge,1F,No,110.38,Moderate,7.941659289,444125.5,3086889.75,359,593
594,1,310420,SW-QJ,Ridge,1F,No,105.06,Low,3.588588589,444373.5938,3060688.75,360,594
595,1,309680,SW-QJ,Ridge,1F,No,105.06,Low,2.476812905,444297.4063,3060870,360,595
596,1,308200,SW-QJ,Ridge,1F,No,105.06,Low,2.735664529,444316.8125,3061849,360,596
597,1,307460,SW-QJ,Ridge,1F,No,105.06,Low,11.78109945,444402.2188,3062072.25,360,597
598,1,291180,SW-QQ,Ridge,1F,Yes,120.26,Low,1.188023631,444278.4375,3070528.25,360,598
599,1,285260,SW-QQ,Ridge,1F,Yes,120.26,Low,2.950808144,444521.375,3073713,360,599
600,1,284520,SW-QQ,Ridge,1F,Yes,120.26,Low,24.10815979,444473.9375,3073870.75,360,600
601,1,283780,SW-QQ,Ridge,1F,Yes,120.26,Low,10.33136245,444542.875,3074395.25,360,601
602,1,283040,SW-QQ,Ridge,1F,Yes,120.26,Low,22.89950205,444407,3074651.25,360,602
603,1,282300,SW-QQ,Ridge,1F,Yes,120.26,Low,0.74683401,444283.125,3074922,360,603
604,1,280820,SW-QQ,Ridge,1F,Yes,120.26,Low,7.631798239,444511.5625,3075971.25,360,604
605,1,280080,SW-QQ,Ridge,1F,Yes,120.26,Low,23.57290447,444472.3125,3076160.75,360,605
606,1,276380,SW-QQ,Ridge,1F,Yes,120.26,Low,0.962030545,444285.9375,3078147,360,606
607,1,273420,SW-QQ,Ridge,1F,Yes,120.26,Low,1.485652953,444461.3438,3079742.25,360,607
608,1,260840,SW-MM,Ridge,1F,No,110.38,Moderate,0.548441941,444305.8438,3086279.5,360,608
609,1,260100,SW-MM,Ridge,1F,No,110.38,Moderate,9.225831711,444426.3125,3086573.25,360,609
610,1,259360,SW-MM,Ridge,1F,No,110.38,Moderate,4.822946346,444326.5,3086793.5,360,610
611,1,307461,SW-QJ,Ridge,1F,No,105.06,Low,8.784189307,444866.5938,3062236,361,611
612,1,306721,SW-QJ,Ridge,1F,No,105.06,Low,1.48405097,444855.2813,3062326,361,612
613,1,285261,SW-QQ,Ridge,1F,Yes,120.26,Low,8.85804449,444806.875,3073667.25,361,613
614,1,284521,SW-QQ,Ridge,1F,Yes,120.26,Low,19.61969058,444754.5313,3073918.25,361,614
615,1,283781,SW-QQ,Ridge,1F,Yes,120.26,Low,14.18211124,444765.625,3074243.75,361,615
616,1,280821,SW-QQ,Ridge,1F,Yes,120.26,Low,4.414696322,444721.4688,3075955.75,361,616
617,1,280081,SW-QQ,Ridge,1F,Yes,120.26,Low,5.281703585,444721,3076171.5,361,617
618,1,276381,SW-QQ,Ridge,1F,Yes,120.26,Low,0.964500148,444996.375,3078071,361,618
619,1,273421,SW-QQ,Ridge,1F,Yes,120.26,Low,1.634779196,444841.6875,3079761,361,619
620,1,307462,SW-QJ,Ridge,1F,No,105.06,Low,0.204529786,445039.1563,3062132.5,362,620
621,1,280822,SW-QQ,Ridge,1F,Yes,120.26,Low,0.022615989,445341.3125,3075944.5,362,621
622,1,280082,SW-QQ,Ridge,1F,Yes,120.26,Low,0.133944629,445058.9375,3076353.5,362,622
623,1,277122,SW-QQ,Ridge,1F,Yes,120.26,Low,0.348095937,445101.3438,3077896.5,362,623
624,1,276382,SW-QQ,Ridge,1F,Yes,120.26,Low,1.36116992,445186.2813,3078147,362,624
625,1,274162,SW-QQ,Ridge,1F,Yes,120.26,Low,0.075163657,445400.6875,3079444.5,362,625
626,1,273422,SW-QQ,Ridge,1F,Yes,120.26,Low,1.962526114,445203.8125,3079597,362,626
627,1,280083,SW-QQ,Ridge,1F,Yes,120.26,Low,0.002681109,445510.9063,3076362,363,627
628,1,277123,SW-QQ,Ridge,1F,Yes,120.26,Low,0.629732908,445729.6563,3077823.25,363,628
629,1,276383,SW-QQ,Ridge,1F,Yes,120.26,Low,1.389810237,445582,3078155.5,363,629
630,1,274163,SW-QQ,Ridge,1F,Yes,120.26,Low,2.450977141,445601.9375,3079280,363,630
631,1,273423,SW-QQ,Ridge,1F,Yes,120.26,Low,0.000402839,445411.0313,3079452,363,631
632,1,277864,SW-QQ,Ridge,1F,Yes,120.26,Low,0.350991345,446108.0938,3077526.25,364,632
633,1,277124,SW-QQ,Ridge,1F,Yes,120.26,Low,0.843669978,445916.2188,3077611.75,364,633
634,1,274164,SW-QQ,Ridge,1F,Yes,120.26,Low,1.77932187,445966.375,3079099,364,634
635,1,277865,SW-QQ,Ridge,1F,Yes,120.26,Low,0.468363933,446271.625,3077526.25,365,635
636,1,277125,SW-QQ,Ridge,1F,Yes,120.26,Low,0.778680301,446460.9688,3077606.25,365,636
637,1,274905,SW-QQ,Ridge,1F,Yes,120.26,Low,0.179321995,446434.3125,3079066.75,365,637
638,1,274165,SW-QQ,Ridge,1F,Yes,120.26,Low,3.049590811,446396.5625,3079118.75,365,638
639,1,277126,SW-QQ,Ridge,1F,Yes,120.26,Low,1.42528676,446729.5625,3077805.5,366,639
640,1,276386,SW-QQ,Ridge,1F,Yes,120.26,Low,0.051777764,446884.25,3077933.75,366,640
641,1,274166,SW-QQ,Ridge,1F,Yes,120.26,Low,3.11792405,446672.9688,3079294.25,366,641
642,1,273426,SW-QQ,Ridge,1F,Yes,120.26,Low,0.307448642,446882.25,3079457.5,366,642
643,1,276387,SW-QQ,Ridge,1F,Yes,120.26,Low,1.119282383,447142.8125,3078054,367,643
644,1,274167,SW-QQ,Ridge,1F,Yes,120.26,Low,6.378984772,447151.75,3079388.75,367,644
645,1,273427,SW-QQ,Ridge,1F,Yes,120.26,Low,0.268915737,447122.6875,3079459.75,367,645
646,1,143187,SF-YK,Plain,1A,No,101.69,Moderate,1.053235948,447293.8438,3146753.25,367,646
647,1,276388,SW-QQ,Ridge,1F,Yes,120.26,Low,1.232451264,447467.5,3078195.25,368,647
648,1,275648,SW-QQ,Ridge,1F,Yes,120.26,Low,0.422580651,447654.5625,3078352.25,368,648
649,1,274168,SW-QQ,Ridge,1F,Yes,120.26,Low,2.784517852,447482.5938,3079289.25,368,649
650,1,143188,SF-YK,Plain,1A,No,101.69,Moderate,2.492465062,447356.125,3146751.75,368,650
651,1,275649,SW-QQ,Ridge,1F,Yes,120.26,Low,1.414902153,447792.7813,3078520.5,369,651
652,1,274909,SW-QQ,Ridge,1F,Yes,120.26,Low,1.420548802,447916.7188,3078892,369,652
653,1,274169,SW-QQ,Ridge,1F,Yes,120.26,Low,1.054183513,447756.6875,3079157.5,369,653
654,1,283791,SW-QH,Ridge,1F,No,85.17,Low,3.440503452,448754.9375,3074355.5,371,654
655,1,283051,SW-QH,Ridge,1F,No,85.17,Low,0.343650909,448829.25,3074535,371,655
656,1,284532,SW-QH,Ridge,1F,No,85.17,Low,3.417029422,449063.4063,3073977.25,372,656
657,1,283792,SW-QH,Ridge,1F,No,85.17,Low,2.277067088,448859.5938,3074312,372,657
658,1,283052,SW-QH,Ridge,1F,No,85.17,Low,2.858379768,448875.2813,3074741,372,658
659,1,282312,SW-QH,Ridge,1F,No,85.17,Low,3.608362933,448956.5,3075072.25,372,659
660,1,281572,SW-QH,Ridge,1F,No,85.17,Low,20.7034686,449086.625,3075477.5,372,660
661,1,280832,SW-QH,Ridge,1F,No,85.17,Low,0.41220036,449157.6563,3075651.25,372,661
662,1,284533,SW-QH,Ridge,1F,No,85.17,Low,5.445177884,449349.125,3073938.75,373,662
663,1,282313,SW-QH,Ridge,1F,No,85.17,Low,0.042124757,449483.6875,3075258.25,373,663
664,1,281573,SW-QH,Ridge,1F,No,85.17,Low,33.87736094,449412.875,3075461.5,373,664
665,1,280833,SW-QH,Ridge,1F,No,85.17,Low,18.04730815,449454.1875,3075753,373,665
666,1,284534,SW-QH,Ridge,1F,No,85.17,Low,4.918605708,449813.7188,3074000.25,374,666
667,1,283794,SW-QH,Ridge,1F,No,85.17,Low,0.439838859,449946.9063,3074141.75,374,667
668,1,281574,SW-QH,Ridge,1F,No,85.17,Low,28.79000966,449773.2813,3075484,374,668
669,1,280834,SW-QH,Ridge,1F,No,85.17,Low,35.10618164,449795.3438,3075828.5,374,669
670,1,280094,SW-QH,Ridge,1F,No,85.17,Low,12.74612597,449887.6875,3076146,374,670
671,1,283795,SW-QH,Ridge,1F,No,85.17,Low,1.761304065,450108.4063,3074330.75,375,671
672,1,283055,SW-QH,Ridge,1F,No,85.17,Low,2.499468772,450210.25,3074685.5,375,672
673,1,282315,SW-QH,Ridge,1F,No,85.17,Low,7.56673829,450259.25,3075135.5,375,673
674,1,281575,SW-QH,Ridge,1F,No,85.17,Low,22.97620189,450163.5313,3075503.75,375,674
675,1,280835,SW-QH,Ridge,1F,No,85.17,Low,35.87006428,450172.75,3075832,375,675
676,1,280095,SW-QH,Ridge,1F,No,85.17,Low,25.59537163,450143.5,3076170.25,375,676
677,1,279355,SW-QH,Ridge,1F,No,85.17,Low,0.703052595,450081.5938,3076420.75,375,677
678,1,281576,SW-QH,Ridge,1F,No,85.17,Low,4.075957759,450466.125,3075602.75,376,678
679,1,280836,SW-QH,Ridge,1F,No,85.17,Low,24.91495963,450497.1563,3075832.25,376,679
680,1,280096,SW-QH,Ridge,1F,No,85.17,Low,9.365427866,450513,3076093,376,680
681,1,280837,SW-QH,Ridge,1F,No,85.17,Low,0.035947177,450748.0938,3076012.25,377,681
682,1,280097,SW-QH,Ridge,1F,No,85.17,Low,0.222518864,450748,3076083.5,377,682
683,1,254197,SW-QA,Ridge,1F,Yes,95.17,Low,0.599402719,451019.6563,3089651,377,683
684,1,253457,SW-QA,Ridge,1F,Yes,95.17,Low,0.384004534,451054.9375,3089839,377,684
685,1,254938,SW-QA,Ridge,1F,Yes,95.17,Low,1.597371526,451447.4063,3089215.75,378,685
686,1,254198,SW-QA,Ridge,1F,Yes,95.17,Low,1.655623163,451282.9688,3089477,378,686
687,1,253458,SW-QA,Ridge,1F,Yes,95.17,Low,7.829046395,451357.5313,3090033.25,378,687
688,1,252718,SW-QA,Ridge,1F,Yes,95.17,Low,13.98477087,451380.75,3090228.75,378,688
689,1,255679,SW-QA,Ridge,1F,Yes,95.17,Low,1.60600601,451694.875,3088836,379,689
690,1,254939,SW-QA,Ridge,1F,Yes,95.17,Low,0.200468873,451532.6563,3089023.25,379,690
691,1,254199,SW-QA,Ridge,1F,Yes,95.17,Low,16.35889076,451771.1563,3089603.75,379,691
692,1,253459,SW-QA,Ridge,1F,Yes,95.17,Low,25.08226334,451672.125,3089954.25,379,692
693,1,252719,SW-QA,Ridge,1F,Yes,95.17,Low,2.491646638,451562.5,3090161,379,693
694,1,255680,SW-QA,Ridge,1F,Yes,95.17,Low,10.00786973,452145,3088760.75,380,694
695,1,254940,SW-QA,Ridge,1F,Yes,95.17,Low,13.25809133,452169.3125,3089219,380,695
696,1,254200,SW-QA,Ridge,1F,Yes,95.17,Low,22.65348674,452024.4688,3089528.75,380,696
697,1,253460,SW-QA,Ridge,1F,Yes,95.17,Low,0.89323558,451947.8438,3089753.75,380,697
698,1,256421,SW-QA,Ridge,1F,Yes,95.17,Low,0.386215685,452482.625,3088503.5,381,698
699,1,255681,SW-QA,Ridge,1F,Yes,95.17,Low,10.7396284,452350.0625,3088760.25,381,699
700,1,254941,SW-QA,Ridge,1F,Yes,95.17,Low,2.732637107,452304.75,3089078.75,381,700
701,1,256422,SW-QA,Ridge,1F,Yes,95.17,Low,0.491720867,452797.625,3088496.75,382,701
702,1,255682,SW-QA,Ridge,1F,Yes,95.17,Low,0.520855243,452728.9063,3088603,382,702
703,1,257903,SW-QO,Ridge,1F,No,101.86,Low,0.110079305,453394.8125,3087783.75,383,703
704,1,257163,SW-QO,Ridge,1F,No,101.86,Low,0.302773289,453399.0313,3088006.5,383,704
705,1,257904,SW-QO,Ridge,1F,No,101.86,Low,0.563275715,453608.0938,3087696.25,384,705
706,1,257164,SW-QO,Ridge,1F,No,101.86,Low,1.742680002,453554.6875,3088045,384,706
707,1,106944,SJ-EV,Ridge,1F,No,67.88,High,12.71089279,453602.125,3165439.25,384,707
708,1,106204,SJ-EV,Ridge,1F,No,67.88,High,0.302219965,453495.5938,3165563.5,384,708
709,1,257905,SW-QO,Ridge,1F,No,101.86,Low,0.751675172,454032.4688,3087723.75,385,709
710,1,257165,SW-QO,Ridge,1F,No,101.86,Low,2.398522599,454053.125,3088164,385,710
711,1,256425,SW-QO,Ridge,1F,No,101.86,Low,12.04647508,453996.1875,3088389.75,385,711
712,1,255685,SW-QO,Ridge,1F,No,101.86,Low,7.533397392,454113.0625,3088720.25,385,712
713,1,106945,SJ-EV,Ridge,1F,No,67.88,High,20.02809857,454000.6875,3165447.75,385,713
714,1,106205,SJ-EV,Ridge,1F,No,67.88,High,15.99298783,454037.9688,3165681,385,714
715,1,105465,SJ-EV,Ridge,1F,No,67.88,High,0.002670558,454172.2813,3165969.5,385,715
716,1,257906,SW-QO,Ridge,1F,No,101.86,Low,0.311522672,454329.3438,3087712.5,386,716
717,1,257166,SW-QO,Ridge,1F,No,101.86,Low,0.073608552,454248.875,3087892.5,386,717
718,1,256426,SW-QO,Ridge,1F,No,101.86,Low,0.974128349,454205.75,3088563.25,386,718
719,1,255686,SW-QO,Ridge,1F,No,101.86,Low,1.333893849,454189.875,3088676,386,719
720,1,106946,SJ-EV,Ridge,1F,No,67.88,High,11.23096238,454277.4375,3165427.75,386,720
721,1,106206,SJ-EV,Ridge,1F,No,67.88,High,15.91787383,454366.0625,3165749,386,721
722,1,105466,SJ-EV,Ridge,1F,No,67.88,High,3.750862053,454365.25,3166005.25,386,722
723,1,257907,SW-QO,Ridge,1F,No,101.86,Low,0.041583304,454576.7188,3087794.75,387,723
724,1,106207,SJ-EV,Ridge,1F,No,67.88,High,11.10636705,454731.2813,3165865.5,387,724
725,1,105467,SJ-EV,Ridge,1F,No,67.88,High,4.617956484,454772.5313,3166002.5,387,725
726,1,106208,SJ-EV,Ridge,1F,No,67.88,High,0.158039352,454950.5313,3165929.25,388,726
727,1,105468,SJ-EV,Ridge,1F,No,67.88,High,11.09621132,455132.2813,3166073.75,388,727
728,1,105469,SJ-EV,Ridge,1F,No,67.88,High,13.98419333,455489.9688,3166142.25,389,728
729,1,104729,SJ-EV,Ridge,1F,No,67.88,High,1.031762158,455436.3438,3166417,389,729
730,1,215738,SF-XZ,Plain,1A,No,67.29,Low,6.482976944,458841.5625,3109365.25,398,730
731,1,214999,SF-LB,Plain,1A,No,63.42,Low,2.895575031,459435.7188,3109883.75,399,731
732,1,214259,SF-LB,Plain,1A,No,63.42,Low,0.459854092,459444.9063,3109940.75,399,732
733,1,215000,SF-LB,Plain,1A,No,63.42,Low,0.03953988,459509.5,3109908.25,400,733
734,1,220921,SF-LA,Plain,1A,No,66.6,Low,1.45388348,460157.5625,3106633.75,401,734
735,1,222404,SF-N1,Plain,1A,No,63.71,Low,1.257553888,461384.7813,3105910.75,404,735
736,1,222405,SF-N1,Plain,1A,No,63.71,Low,0.655290106,461428.0938,3105912.75,405,736
737,1,221665,SF-N2,Plain,1A,No,63.05,Low,1.673188992,461653.4688,3106361.25,405,737
738,1,66266,SJ-LI,Plain,1E,No,42.01,Low,4.6336494,462122.125,3186425.75,406,738
739,1,65526,SJ-LI,Plain,1E,No,42.01,Low,0.001311916,462105.0625,3186513.25,406,739
740,1,67747,SJ-LI,Plain,1E,No,42.01,Low,1.473865918,462454.0625,3185728,407,740
741,1,67007,SJ-LI,Plain,1E,No,42.01,Low,20.74964197,462440.375,3185943.5,407,741
742,1,66267,SJ-LI,Plain,1E,No,42.01,Low,25.9618625,462376.5938,3186295.5,407,742
743,1,65527,SJ-LI,Plain,1E,No,42.01,Low,0.975246964,462496.9063,3186751.5,407,743
744,1,67748,SJ-LI,Plain,1E,No,42.01,Low,0.089023138,462687.4688,3185746.5,408,744
745,1,67008,SJ-LI,Plain,1E,No,42.01,Low,5.600550633,462611.6875,3185941.25,408,745
746,1,66268,SJ-LI,Plain,1E,No,42.01,Low,8.177528186,462628.8438,3186236.25,408,746
747,1,65528,SJ-LI,Plain,1E,No,42.01,Low,1.736062395,462782.0938,3186787.25,408,747
748,1,64788,SJ-LI,Plain,1E,No,42.01,Low,9.948728948,462843.1563,3187037.75,408,748
749,1,67749,SJ-LI,Plain,1E,No,42.01,Low,9.581574088,463201.8125,3185612.75,409,749
750,1,67009,SJ-LI,Plain,1E,No,42.01,Low,8.201119888,463234.2188,3185867,409,750
751,1,66269,SJ-LI,Plain,1E,No,42.01,Low,3.889991614,463273.375,3186292.75,409,751
752,1,65529,SJ-LI,Plain,1E,No,42.01,Low,3.298598332,463139.9688,3186668.75,409,752
753,1,64789,SJ-LI,Plain,1E,No,42.01,Low,14.27129727,463066.375,3187121.25,409,753
754,1,67010,SJ-LI,Plain,1E,No,42.01,Low,20.93974351,463494.7188,3185986.5,410,754
755,1,66270,SJ-LI,Plain,1E,No,42.01,Low,18.29038826,463462.2813,3186326.75,410,755
756,1,65530,SJ-LI,Plain,1E,No,42.01,Low,14.68734229,463563.875,3186625.25,410,756
757,1,89951,SJ-LH,Plain,2A-M,No,86.45,High,8.299735349,464012.5625,3174201.75,411,757
758,1,89211,SJ-LH,Plain,2A-M,No,86.45,High,8.86526643,463893.2188,3174439.5,411,758
759,1,67011,SJ-LI,Plain,1E,No,42.01,Low,2.088471934,463721.5,3185967.5,411,759
760,1,65531,SJ-LI,Plain,1E,No,42.01,Low,11.75652521,463827.2813,3186702,411,760
761,1,91432,SJ-LH,Plain,2A-M,No,86.45,High,0.514468115,464318.2188,3173537.25,412,761
762,1,90692,SJ-LH,Plain,2A-M,No,86.45,High,22.65522286,464321.0625,3173772.5,412,762
763,1,89952,SJ-LH,Plain,2A-M,No,86.45,High,32.51679807,464275.1875,3174120.5,412,763
764,1,89212,SJ-LH,Plain,2A-M,No,86.45,High,1.01434611,464414.4688,3174351,412,764
765,1,91433,SJ-LH,Plain,2A-M,No,86.45,High,4.848846551,464613.2188,3173508.75,413,765
766,1,90693,SJ-LH,Plain,2A-M,No,86.45,High,25.08475058,464601.4063,3173726.75,413,766
767,1,89953,SJ-LH,Plain,2A-M,No,86.45,High,28.96791349,464649.625,3174154,413,767
768,1,89213,SJ-LH,Plain,2A-M,No,86.45,High,3.793668235,464602.75,3174350.25,413,768
769,1,64793,SJ-LB,Ridge,1E,No,68.35,High,3.528447551,464783.375,3187069,413,769
770,1,91434,SJ-LH,Plain,2A-M,No,86.45,High,0.041016202,464847.125,3173552,414,770
771,1,90694,SJ-LH,Plain,2A-M,No,86.45,High,0.094920672,464847.3125,3173573,414,771
772,1,89954,SJ-LH,Plain,2A-M,No,86.45,High,0.530855104,464873,3174170.5,414,772
773,1,64794,SJ-LB,Ridge,1E,No,68.35,High,2.439842978,464877.9688,3187060.75,414,773
774,1,99590,SJ-N1,Plain,1E,No,68.55,Moderate,0.379410635,471304.5,3169342.25,430,774
775,1,98850,SJ-N1,Plain,1E,No,68.55,Moderate,1.174270551,471303.75,3169444.5,430,775
776,1,99591,SJ-N1,Plain,1E,No,68.55,Moderate,12.58446928,471536.7813,3169296,431,776
777,1,98851,SJ-N1,Plain,1E,No,68.55,Moderate,25.06227403,471515.4375,3169502.75,431,777
778,1,99592,SJ-N1,Plain,1E,No,68.55,Moderate,8.264070775,471788.7813,3169277.75,432,778
779,1,98852,SJ-N1,Plain,1E,No,68.55,Moderate,9.865430507,471786.375,3169475.25,432,779
780,1,162512,SF-WT,Plain,1A,No,68.45,Moderate,5.938723182,479623.5313,3136899.25,452,780
781,1,161772,SF-WT,Plain,1A,No,68.45,Moderate,0.180050247,479682.0625,3136991.5,452,781
782,1,163253,SF-WT,Plain,1A,No,68.45,Moderate,13.07947284,479915.5625,3136464,453,782
783,1,162513,SF-WT,Plain,1A,No,68.45,Moderate,15.32146588,479841.4688,3136780.75,453,783
784,1,161773,SF-WT,Plain,1A,No,68.45,Moderate,0.475031905,479739.625,3136993.75,453,784
785,1,101835,SJ-N2,Plain,2A-M,No,65.89,Moderate,2.767660308,480815.9375,3168041,455,785
786,1,101095,SJ-N2,Plain,2A-M,No,65.89,Moderate,0.013903008,480840.8438,3168229.75,455,786
787,1,101836,SJ-N2,Plain,2A-M,No,65.89,Moderate,11.01205345,480925.1563,3168102,456,787
788,1,101096,SJ-N2,Plain,2A-M,No,65.89,Moderate,2.655654069,480955,3168253.5,456,788
789,1,117394,SJ-LA,Plain,1A,No,69.35,Moderate,4.239437062,488048.7813,3160072.25,474,789
790,1,116654,SJ-LA,Plain,1A,No,69.35,Moderate,0.155232778,488073,3160238.75,474,790
791,1,117395,SJ-LA,Plain,1A,No,69.35,Moderate,14.34769975,488177.4375,3160048,475,791
792,1,116655,SJ-LA,Plain,1A,No,69.35,Moderate,0.635747306,488117.9688,3160239.75,475,792
793,1,155151,SJ-LL,Plain,2D,No,73,Low,0.216862559,494490.8438,3140789,491,793
794,1,154411,SJ-LL,Plain,2D,No,73,Low,6.923956615,494510.9063,3140970.75,491,794
795,1,153671,SJ-LL,Plain,2D,No,73,Low,0.461640625,494543.4063,3141199.75,491,795
796,1,155152,SJ-LL,Plain,2D,No,73,Low,0.052454117,494705.25,3140791,492,796
797,1,154412,SJ-LL,Plain,2D,No,73,Low,26.16019775,494736.3125,3140996,492,797
798,1,153672,SJ-LL,Plain,2D,No,73,Low,17.51921396,494747.0625,3141294.5,492,798
799,1,154413,SJ-LL,Plain,2D,No,73,Low,0.647030283,494973.7813,3140811.5,493,799
